word,frequency
start,3
of,3825
the,4622
project,3
gutenberg,2
ebook,2
1342,2
illustration,163
george,47
allen,37
publisher,1
156,3
charing,2
cross,6
road,15
london,53
ruskin,2
house,104
reading,14
jane’s,28
letters,17
chap,1
34,1
pride,47
and,3621
prejudice,9
by,687
jane,261
austen,19
with,1089
a,2006
preface,3
saintsbury,2
illustrations,4
hugh,2
thomson,2
1894,36
chiswick,2
presscharles,2
whittingham,2
co,2
tooks,2
court,5
chancery,2
lane,12
to,4267
j,1
comyns,1
carr,1
in,1958
acknowledgment,4
all,623
i,1797
owe,6
his,1291
friendship,9
advice,16
these,73
are,357
gratefully,4
inscribed,1
walt,1
whitman,1
has,249
somewhere,6
fine,32
just,76
distinction,7
between,67
“loving,2
allowance”,2
personal,6
love”,7
this,424
applies,2
books,11
as,1214
well,186
men,36
women,22
case,32
not,1477
very,491
numerous,4
authors,1
who,294
objects,8
affection,59
it,1465
brings,3
curious,6
consequence,30
there,345
is,898
much,329
more,334
difference,13
their,453
best,45
work,22
than,298
those,63
others,59
loved,11
“by,9
convention,2
because,59
felt,106
be,1254
right,45
proper,22
thing,28
love,93
them,420
sectfairly,1
large,23
yet,75
unusually,1
choiceof,1
austenians,1
or,320
janites,1
would,481
probably,25
found,67
partisans,1
claim,6
primacy,1
almost,64
every,185
one,279
novels,3
some,209
delightful,22
freshness,1
humour,14
northanger,1
abbey,1
its,122
completeness,1
finish,5
entrain,1
obscure,1
undoubted,2
critical,4
facts,2
that,1557
scale,2
small,23
scheme,19
after,202
burlesque,1
parody,1
kind,68
which,558
first,159
rank,14
reached,19
difficulty,9
persuasion,9
relatively,1
faint,4
tone,17
enthralling,1
interest,28
devotees,1
exalt,1
above,22
exquisite,1
delicacy,12
keeping,5
catastrophe,1
mansfield,1
park,22
admittedly,1
theatrical,1
hero,2
heroine,2
insipid,2
author,5
wickedly,1
destroyed,3
romantic,4
expressly,2
admitting,2
edmund,1
only,220
took,55
fanny,2
mary,40
shocked,7
him,725
might,203
likely,41
have,874
taken,33
crawford,2
if,319
he,1324
had,1182
been,534
little,189
assiduous,2
matchless,1
rehearsalscenes,1
characters,6
mrs,349
norris,2
secured,5
believe,86
considerable,10
party,55
for,1068
sense,48
sensibility,4
perhaps,74
fewest,1
outandout,1
admirers,1
but,936
does,85
want,47
suppose,49
however,135
majority,1
at,807
least,71
competent,1
votes,1
things,34
considered,24
divided,5
emma,3
present,71
book,21
vulgar,3
verdict,1
indeed,68
fondness,1
miss,304
itself,11
patent,1
exemption,1
from,503
any,282
possible,54
charge,10
vulgarity,3
go,101
larger,7
varied,4
popular,2
time,198
composition,2
seen,74
rather,62
world,68
improved,7
her,2251
general,52
though,228
most,198
peculiar,9
characteristic,4
dialogue,3
such,392
figures,3
bates,1
eltons,2
cannot,113
unite,4
suffrages,1
everybody,34
on,725
other,217
hand,27
my,672
part,60
declare,9
unhesitatingly,1
seems,28
me,425
perfect,19
eminently,1
quintessential,1
author’s,1
works,2
contention,1
narrow,2
space,4
permitted,3
propose,4
here,66
show,9
cause,18
place,69
may,198
barely,3
necessary,31
remind,4
reader,4
was,1866
shape,4
written,20
early,32
about,123
1796,1
when,369
twentyone,1
revised,1
finished,11
chawton,1
fifteen,5
years,39
later,5
published,1
till,95
1813,1
four,36
before,223
death,8
do,322
know,237
whether,57
combination,1
fresh,10
vigorous,1
projection,1
youth,10
revision,1
middle,4
life,52
traced,3
distinct,1
superiority,2
point,45
construction,4
possesses,1
over,92
plot,2
elaborate,1
regular,4
enough,110
fielding,4
hardly,50
character,62
an,373
incident,1
could,528
retrenched,1
without,173
loss,18
story,13
elopement,11
lydia,126
wickham,161
like,87
rushworth,1
coup,1
de,43
théâtre,1
connects,1
strictest,2
way,107
course,51
earlier,4
denouement,1
complete,9
propriety,8
minor,2
passagesthe,1
loves,3
bingley,246
advent,1
mr,791
collins,160
visit,51
hunsford,21
derbyshire,23
tourfit,1
same,72
unostentatious,1
masterly,2
fashion,8
no,468
attempt,23
hideandseek,1
inandout,1
business,45
transactions,3
frank,1
churchill,1
fairfax,1
contributes,2
doubt,42
good,160
deal,33
intrigue,1
think,216
feature,3
otherwise,16
admirable,3
although,2
always,124
liked,28
something,74
misunderstanding,1
afforded,6
opportunities,3
display,6
incomparable,1
talent,3
noticed,9
presently,3
she,1721
satisfied,32
perfectly,51
natural,27
occasions,9
provided,7
false,14
account,40
darcy’s,46
conduct,26
given,60
awkwardness,4
arising,6
equal,30
naturalness,1
gradual,2
transformation,1
elizabeth’s,40
own,193
feelings,88
positive,4
aversion,1
actual,7
allgrasping,1
playwright,1
ever,128
laid,9
upon,65
dare,37
say,151
were,566
situations,1
prove,9
startling,1
garish,1
footlights,1
characterscheme,1
too,144
subtle,2
delicate,8
pit,1
gallery,7
made,131
certainly,68
hampered,1
loosenesses,1
sometimes,40
disguised,1
conveniences,1
novelist,2
can,207
avail,2
himself,122
appear,31
once,62
stage,2
thought,112
will,415
doubtless,4
seem,21
heretical,1
school,3
critics,1
highest,10
merit,7
choicest,1
gift,2
sets,1
off,61
gifts,1
graces,2
advantageously,3
eye,15
mar,1
gracesappreciably,1
quite,98
consciouslyto,1
eyes,52
means,58
ultracritical,1
badlybuilt,1
novel,2
excelled,1
pathetic,2
humorous,2
displayed,4
consummate,1
command,7
dialogueperhaps,1
rarest,1
facultieswould,1
infinitely,5
better,91
faultless,2
acted,6
told,71
puppets,1
pebbles,1
mouths,3
despite,1
ability,1
shown,8
working,2
out,131
should,255
put,35
far,60
lower,5
did,263
contain,7
what,451
masterpieces,1
austen’s,9
faculty,1
charactercreationmasterpieces,1
admit,8
john,3
thorpe,1
two,143
company,22
instance,8
still,76
superior,21
characteristics,2
so,592
they,594
times,20
easier,1
apprehend,1
express,22
particular,29
differently,8
apprehended,2
different,38
persons,14
possess,5
greater,26
affinity,3
whole,80
addison,5
species,1
great,146
british,2
genus,1
differences,2
subject,83
literary,1
obvious,2
sex,7
count,1
distinctly,2
feminine,1
element,1
“mr,13
spectator”,1
genius,6
nothing,182
mannish,2
masculine,1
likeness,4
quality,6
consists,2
number,6
common,24
subdivisions,1
qualitydemureness,1
extreme,5
minuteness,2
touch,5
avoidance,2
loud,3
tones,2
glaring,2
effects,6
also,35
both,68
certain,54
inhuman,1
unamiable,1
cruelty,5
custom,3
judge,12
grossly,1
contrast,4
nature,27
savagery,1
swift,4
mildness,3
boisterousness,1
smollett,1
even,94
ferocious,1
practical,1
jokes,2
immediate,13
predecessor,1
burney,1
allowed,27
protest,2
restrained,2
wellmannered,1
insatiable,1
ruthless,1
delight,28
roasting,1
cutting,2
up,108
fool,5
man,141
eighteenth,2
century,2
push,1
taste,17
further,24
lady,179
nineteenth,1
principles,2
heart,42
shrunk,1
letter,111
unfortunate,6
husband,43
spectator,2
describes,1
gusto,1
innocence,1
how,203
wife,44
friend,102
induce,4
play,19
blindman’sbuff,1
another,59
letterthat,1
damsel,1
fourteen,1
wishes,35
marry,45
shapely,1
assures,1
selected,4
mentor,1
“he,32
admires,3
your,434
spectators,1
mightily”might,1
ladylike,1
intelligent,5
bennet,290
days,28
lydia’s,40
greatgrandmother,1
while,77
unreasonably,2
“cynicism”,1
touches,1
satire,2
musgrove’s,1
selfdeceiving,1
regrets,4
son,19
word,48
“cynical”,1
misused,1
english,3
language,6
especially,25
gratuitous,1
falsification,1
original,6
applied,13
rough,2
snarling,1
invective,1
gentle,6
oblique,1
cynicism,2
perception,1
“the,33
side”,4
accepted,17
hells,1
beneath”,1
consciousness,3
motives,7
nearly,10
mixed,3
identical,1
beif,1
then,164
woman,54
care,34
live,23
fool’s,2
paradise,1
knowledge,22
cynic,1
epicurean,1
dissecting,1
displaying,3
setting,3
fools,1
mean,29
take,81
worse,15
immensely,1
artist,1
respect,33
art,6
generally,17
goldwin,1
smith,1
truly,8
observed,28
“metaphor,1
exhausted,2
depicting,1
perfection,1
combined,1
narrowness,1
field”,1
justly,4
added,72
we,244
need,20
beyond,36
comparison,15
miniature,2
painter,2
make,171
latter,24
observation,14
exact,4
must,313
use,17
term,2
restricted,1
memling,1
end,33
history,5
painting,1
meissonier,1
cosway,1
am,322
myself,87
“narrow”,1
connection,20
microcosm,1
cosmic,1
eminent,2
littleness,1
feel,41
herself,231
called,44
paint,2
sure,95
painted,1
remarkable,8
short,46
periods,2
writingone,1
three,60
fiveshe,1
executed,2
six,11
capital,4
left,66
single,11
failure,2
paste,1
defective,2
remember,20
anybody,28
born,4
decadethat,1
eighteenthcentury,2
seventiesindependently,1
exhibited,2
full,20
scott,1
required,11
hill,11
mountain,1
ballad,1
coleridge,1
metaphysics,1
german,1
enable,2
chip,1
classical,1
shell,1
girl,37
brought,39
country,38
retirement,3
ladies,75
went,69
back,46
into,144
white,5
frost,3
pierce,1
kid,1
shoes,3
sudden,11
cold,19
gravest,1
fears,11
studies,3
ways,4
fantastic,2
limits,2
restrictions,1
against,53
wollstonecraft,1
protested,9
judgment,15
drew,20
touched,6
pretty,24
journey,21
black,4
extended,4
knew,57
knows,10
humanity,5
head,33
mistake,7
limited,1
true,20
old,15
“absolute”,1
never,229
tried,16
idealism,1
realism,2
real,34
degree,23
makes,9
our,75
day,125
look,59
merely,34
deadalive,1
frenchman,1
except,24
late,20
m,1
maupassant,1
watch,3
laboriously,1
piling,2
strokes,2
hope,121
giving,26
impression,9
you,1216
get,53
none,19
lucky,6
discarding,1
twothirds,1
gives,10
rest,41
myriad,1
trivial,1
unforced,1
build,2
picture,15
magic,1
superfluous,1
changed,9
mind,53
elizabeth,599
“while,3
stirring,2
fire”,4
stirred,1
fire,5
darcy,358
“brought,1
coffeecup,2
himself”,9
each,65
swift“taller,1
breadth,1
nail”which,1
impressed,2
halfreluctant,1
thackeray,2
outspoken,1
admiration,26
near,39
swiftian,1
appears,6
nowhere,2
else,39
immortal,1
ineffable,1
really,89
anything,77
said,405
therealive,1
imperishable,1
hundreds,1
prime,1
ministers,1
archbishops,1
“metals,1
semimetals,1
distinguished,7
philosophers”,1
second,25
rash,1
conclude,5
impossible,43
nonexistent,1
interesting,17
spoiled,2
draught,1
unsuccessful,1
study,7
dashwood,1
formality,4
underbreeding,1
meanness,2
portrait,2
half,65
alive,4
unnatural,5
fact,14
“miniature”,1
gigantic,1
side,53
philistinism,1
wellmeaning,1
hidebound,1
morality,2
formal,9
pettiness,1
grovelling,1
materialism,1
selfishness,2
receives,1
exhibition,2
speech,12
action,2
inestimable,1
incapable,9
being,182
reconciled,3
reality,1
wonder,34
many,119
words,30
actions,6
historically,1
greatness,3
satisfactorily,1
creatress,1
adjusted,1
artfully,2
catherine,114
bourgh,33
charged,2
exaggeration,2
shade,3
colour,13
now,201
find,61
female,9
necessarily,5
noble,12
birth,6
overbearing,2
selfcentred,1
neglectful,1
manners,46
hundred,8
ago,25
earl’s,2
daughter,76
powerful,4
exactly,32
bountiful,1
outoftheway,1
parish,10
rich,13
long,115
marital,1
authority,10
forth,5
developing,1
agreeable,44
seldom,11
themselves,34
inclined,11
hard,11
“impropriety”,1
evidently,6
irreclaimable,1
unless,19
shot,1
spirit,10
ironic,1
view,17
open,18
reproach,8
excusable,1
helplessness,1
crisis,1
utterances,1
acutely,4
consciously,1
kindin,1
laugh,16
atthat,1
mouth,2
difficult,13
talking,40
putting,6
through,42
paces,1
preferring,1
consolation,10
former,39
maunders,1
entail,10
“my,52
dear,146
give,127
gloomy,3
thoughts,26
let,67
us,119
flatter,11
ourselves,9
survivor”,2
inquiry,11
colossal,1
cousin,39
compliments,12
related,19
“may,5
ask,29
pleasing,24
attentions,27
proceed,6
impulse,4
moment,61
result,5
previous,4
study”,3
readers,3
pleasant,18
shocks,1
thrills,1
add,13
fiction,1
outside,1
goodness,10
already,28
alluded,7
detailed,2
dwelling,8
beauties,6
glanced,1
easy,25
exquisitely,1
amusing,5
horribly,1
kitty,66
differentiated,1
unerring,1
skill,4
folly,11
intellect,1
disposition,28
weaknesses,2
ages,1
less,81
pains,5
unkind,1
text,1
learn,9
traditional,1
appendices,1
leigh,1
dooming,1
privately,4
“one,2
philips’s,7
clerks”,1
habits,3
copying,1
retailing,2
moral,5
sentiments,10
playing,7
singing,4
public,13
grievous,4
criminal,1
poor,37
scapegoat,1
sins,1
blue,3
stockings,2
fordycebelectured,1
generation,2
rate,7
extend,1
share,15
regards,1
draws,1
fall,11
wish,98
exigencies,1
personages,2
thus,30
achieve,1
notable,2
mating,1
soothe,2
bennet’s,30
anguish,3
bingleys,5
gardiners,9
lucases,13
pass,17
special,3
comment,1
remark,4
charlotte,69
lucas,64
egregious,1
papa,5
thither,10
line,9
comedy,1
farce,1
wonderfully,3
clever,7
drab,2
hesitation,4
dealing,1
young,131
sketch,3
disagreeable,12
investing,1
either,60
cheap,2
don,1
juanish,1
attractiveness,1
disgusting,2
rascality,1
tints,1
dismissed,4
seemed,66
heroes,1
competitor,1
henry,1
tilney,1
whose,60
slight,21
simple,2
enters,1
urged,7
expression,23
yielding,4
falling,4
extremely,15
probable,14
again,168
objectors,1
pampered,1
rational,11
sufficient,5
psychologically,1
speaking,32
causa,1
verior,1
restoration,4
healthy,2
conditions,3
shock,3
scornful,1
refusal,8
acting,4
ex,1
hypothesi,1
generous,12
finer,6
delicately,1
change,25
demeanour,1
meeting,23
grounds,5
pemberley,50
bad,15
prig,1
coxcomb,1
smarting,1
under,34
rejection,3
suspicious,2
come,90
husbandhunting,1
neither,38
consistent,4
spoilt,2
injured,5
thoroughly,3
exposition,1
causes,6
phenomenon,1
unregenerate,1
state,19
counted,2
due,11
charm,9
secret,5
few,72
downwards,1
charms,5
explained,9
belongs,2
allegro,1
allegra,1
division,1
army,3
venus,1
provokingly,1
chary,1
description,8
regard,48
hint,13
bright,2
complexion,8
tall,9
hear,68
looks,13
chief,17
heroines,3
lively,16
type,2
lie,2
cleveralmost,1
strongminded,1
objectionable,4
wordand,1
secondly,4
entirely,27
destitute,2
illnature,2
propensity,2
tease,3
sharpness,1
tongue,4
gets,2
attacked,2
“scratches”,1
attacks,4
merest,1
obsoletenesses,1
phrase,1
manner,90
speeches,4
pertness,1
comes,17
serious,25
proposal,11
scene,17
climax,1
final,3
ladies’,1
battle,1
unexceptionable,1
disguise,4
resents,1
illmannered,1
personality,1
feeling,34
illmanners,1
overdone,1
unjust,4
expressed,26
stiltedly,1
coarsely,1
heard,87
ballroom,3
during,28
year,28
ought,44
bred,2
lets,1
injury,2
done,86
contempt,13
family,146
aggravate,1
resentment,18
healthiest,1
explain,7
taking,19
beauty,27
form,15
consist,1
addition,9
playfulness,3
wit,6
affectionate,20
fearlessness,1
uncommon,5
age,13
speechless,1
awe,4
magnificent,1
palpitated,1
fluttered,2
idea,51
proposals,10
naughty,1
ones,6
fascinating,1
offensive,3
viraginous,1
“new,1
woman”,7
modern,3
“new”,1
education,10
experience,3
freedom,5
bully,1
choose,18
away,114
“impudent,1
grown”,1
mere,7
nasty,2
niceness,1
passion,3
invariably,3
connected,15
qualities,7
outwardly,1
passionate,1
slightest,4
married,55
willingly,3
read,44
lines,10
lovers’,1
conversations,2
chapters,1
frigid,1
looked,75
della,2
cruscans,2
seeking,8
reason,53
charmit,1
sad,5
mechanic,1
exercise,6
determining,3
absence,28
where,90
last,116
vast,3
numbers,1
whom,88
pleasure,90
five,32
help,42
doing,25
names,7
chronological,1
order,8
diana,2
vernon,1
argemone,2
lavington,1
beatrix,2
esmond,1
barbara,2
grant,1
occasional,7
companionship,1
preferred,4
competition,4
list,5
page,3
frontispiece,1
iv,3
titlepage,1
v,4
dedication,1
vii,2
heading,29
ix,2
xxv,3
chapter,89
1,1
came,92
down,79
see,152
place”,6
2,2
5,1
“i,301
it”,48
6,2
“i’m,2
tallest”,3
9,1
rode,4
horse”,2
10,1
“when,18
entered”,2
12,1
“she,22
tolerable”,3
15,1
18,1
22,1
“without,3
opening,15
lips”,3
24,1
tailpiece,1
26,1
vi,2
27,1
entreaties,6
several”,3
31,1
“a,15
note,10
bennet”,16
36,1
“cheerful,1
prognostics”,1
40,1
apothecary,4
came”,2
43,1
“covering,2
screen”,2
45,1
“mrs,8
youngest,16
girls”,4
53,1
x,2
60,1
“no,25
stay,40
are”,5
67,1
“piling,2
69,1
xii,2
75,1
xiii,2
78,1
xiv,2
84,1
“protested,4
novels”,2
87,1
xv,2
89,1
xvi,2
95,1
officers,30
shire”,2
97,1
“delighted,2
again”,14
108,1
xviii,2
113,1
“such,3
dancing,22
often,91
seen”,4
118,1
“to,21
assure,41
animated,4
language”,2
132,1
xx,2
139,1
“they,14
entered,38
breakfastroom”,1
143,1
xxi,2
146,1
“walked,2
them”,23
148,1
xxii,2
154,1
“so,6
eloquence”,2
mistaken”,4
161,1
“whenever,2
spoke,45
low,10
voice”,2
166,1
xxiv,2
168,1
175,1
“offended,2
ladies”,7
177,1
“will,6
me”,31
181,1
“on,6
stairs”,2
189,1
“at,6
door”,2
194,1
“in,13
conversation,62
198,1
“lady,6
catherine”,1
“you,99
treasure”,1
200,1
xxx,2
209,1
failed,5
inform,9
211,1
gentlemen,37
accompanied,8
him”,47
213,1
xxxi,2
215,1
xxxii,2
221,1
“accompanied,2
aunt”,7
225,1
looking,29
up”,4
228,1
xxxiv,2
235,1
“hearing,2
called”,2
243,1
xxxvi,2
253,1
“meeting,2
accidentally,5
town”,6
256,1
“his,10
parting,9
obeisance”,2
261,1
“dawson”,2
263,1
elevation,3
feelings”,4
267,1
forgotten,13
leave,63
message”,2
270,1
“how,30
nicely,3
crammed,3
in”,6
272,1
xl,2
278,1
determined,34
speak,69
283,1
colonel,66
miller’s,3
regiment,20
away”,7
285,1
“tenderly,2
flirting”,2
290,1
arrival,31
294,1
“conjecturing,2
date”,2
301,1
xliv,2
318,1
all”,21
321,1
“engaged,3
river”,2
327,1
xlvi,2
334,1
instant,8
lose”,3
339,1
earnest,17
welcome”,2
345,1
post,7
359,1
affair”,5
363,1
xlix,2
368,1
“but,83
370,1
spiteful,3
377,1
“with,7
smile”,2
385,1
listen”,2
393,1
404,1
“jane,3
happened,23
round”,2
415,1
nieces”,2
420,1
“lizzy,9
you”,45
422,1
lvi,2
431,1
“after,2
survey”,2
434,1
out”,9
442,1
efforts,4
448,1
“unable,2
utter,8
syllable”,2
457,1
obsequious,3
civility”,3
466,1
lxi,2
472,1
476,1
·pride,1
prejudice·,1
truth,27
universally,3
acknowledged,20
possession,9
fortune,36
known,56
views,11
entering,9
neighbourhood,26
fixed,22
minds,4
surrounding,2
families,6
rightful,1
property,7
daughters,50
“have,4
netherfield,70
last”,2
replied,103
is”,4
returned,45
“for,16
answer,62
“do,16
cried,91
impatiently,5
tell,67
objection,13
hearing,23
copyright,35
invitation,33
“why,10
says,14
north,6
england,5
monday,9
chaise,10
delighted,23
agreed,12
morris,1
immediately,60
michaelmas,2
servants,12
next,71
week”,1
“what,37
name”,1
“bingley”,1
“is,22
single”,2
“oh,60
thousand,34
affect,4
tiresome,2
thinking,21
marrying,22
design,20
settling,3
here”,7
“design,1
nonsense,6
talk,32
therefore,72
soon,214
comes”,2
occasion,37
girls,42
goor,1
send,24
handsome,34
party”,4
pretend,7
extraordinary,16
grownup,1
beauty”,1
cases,6
of”,3
neighbourhood”,3
“it,61
engage,5
consider,32
establishment,6
sir,66
william,39
new,25
comers,1
not”,8
scrupulous,1
surely,2
glad,35
hearty,2
consent,12
whichever,3
chooses,7
girlsthough,1
throw,8
lizzy”,16
desire,20
lizzy,66
bit,3
nor,71
goodhumoured,7
preference”,1
recommend,12
silly,11
ignorant,16
quickness,3
sisters”,3
abuse,2
children,25
vexing,1
compassion,13
nerves”,2
high,17
nerves,2
friends,50
mention,28
consideration,14
twenty,6
least”,1
“ah,3
suffer”,1
since,56
“depend,1
odd,5
mixture,5
quick,10
parts,6
sarcastic,1
reserve,7
caprice,4
threeandtwenty,3
insufficient,10
understand,28
develope,1
understanding,20
information,27
uncertain,2
temper,25
discontented,2
fancied,7
nervous,4
solace,1
visiting,5
news,32
ii,1
among,25
earliest,6
waited,7
intended,22
assuring,4
evening,70
paid,19
disclosed,1
following,23
observing,12
employed,8
trimming,1
hat,1
suddenly,16
addressed,17
“we,17
likes”,1
mother,106
resentfully,2
“since,3
visit”,1
forget,17
mamma”,3
“that,63
shall,159
meet,30
assemblies,2
promised,21
introduce,11
nieces,10
selfish,7
hypocritical,2
opinion,64
her”,21
i”,3
“and,92
depend,22
serving,1
deigned,3
reply,25
unable,14
began,59
scolding,2
“don’t,2
keep,25
coughing,1
heaven’s,2
sake,22
tear,2
pieces”,1
“kitty,2
discretion,5
coughs”,1
father,111
ill”,5
cough,2
amusement”,1
fretfully,2
ball,30
“tomorrow,1
fortnight”,3
“ay,6
herself”,3
“then,5
advantage,33
“impossible,1
acquainted,23
teasing”,1
honour,42
circumspection,2
fortnight’s,2
acquaintance,57
fortnight,18
venture,5
somebody,7
stand,10
chance,19
act,9
kindness,28
decline,2
office,5
myself”,9
stared,4
“nonsense,1
nonsense”,1
meaning,13
emphatic,1
exclamation”,1
forms,2
introduction,11
stress,1
agree,6
deep,7
reflection,10
extracts”,1
wished,37
sensible,31
adjusting,1
ideas”,1
continued,52
“let,10
return,50
bingley”,13
sick,6
sorry,33
why,43
morning,75
unlucky,8
actually,12
escape,10
now”,8
astonishment,30
wishedthat,1
surpassing,1
tumult,3
joy,10
expected,42
persuade,18
neglect,10
pleased,37
joke,2
gone,60
“now,4
choose”,2
room,106
fatigued,4
raptures,7
excellent,19
door,33
shut,5
amends,4
matter,22
making,33
acquaintances,1
sakes,2
dance,29
ball”,3
“oh”,4
stoutly,1
afraid,37
i’m,1
spent,22
conjecturing,2
dinner,29
iii,1
assistance,13
draw,5
satisfactory,7
various,9
barefaced,1
questions,13
ingenious,2
suppositions,1
distant,5
surmises,1
eluded,1
obliged,29
accept,17
secondhand,1
intelligence,19
neighbour,7
report,17
highly,27
favourable,12
crown,1
meant,26
assembly,8
fond,16
step,16
towards,70
hopes,23
bingley’s,48
entertained,7
“if,41
happily,5
settled,45
netherfield”,3
equally,20
for”,2
sat,38
ten,31
minutes,32
library,19
admitted,9
sight,17
saw,101
somewhat,8
fortunate,14
ascertaining,1
upper,2
window,15
wore,2
coat,4
horse,3
afterwards,32
despatched,4
planned,3
courses,3
credit,26
housekeeping,3
arrived,15
deferred,2
town,61
consequently,10
etc,11
disconcerted,3
imagine,25
hertfordshire,39
fear,22
flying,2
quieted,2
starting,1
followed,25
bring,17
twelve,4
seven,1
grieved,11
comforted,1
instead,20
sisters,70
assemblyroom,1
consisted,2
altogether,8
eldest,22
goodlooking,1
gentlemanlike,8
countenance,30
unaffected,5
air,30
decided,11
brotherinlaw,3
hurst,31
gentleman,30
attention,70
person,46
features,8
mien,1
circulation,2
within,34
entrance,14
having,93
pronounced,10
figure,7
declared,15
handsomer,3
gave,54
disgust,5
turned,43
tide,2
popularity,1
discovered,7
proud,20
estate,19
save,3
forbidding,1
unworthy,4
compared,3
principal,14
people,46
unreserved,3
danced,13
angry,15
closed,6
talked,38
amiable,35
declined,6
introduced,9
walking,26
occasionally,12
proudest,1
hoped,19
amongst,12
violent,10
dislike,23
behaviour,55
sharpened,2
slighted,3
scarcity,1
sit,15
dances,11
standing,13
overhear,2
press,4
join,19
“come,5
darcy”,22
hate,8
yourself,42
stupid,3
dance”,3
detest,3
particularly,33
partner,15
insupportable,3
engaged,35
punishment,5
with”,2
fastidious,2
kingdom,3
met,39
several,22
uncommonly,9
pretty”,1
room”,3
beautiful,15
creature,14
beheld,2
sitting,19
behind,14
“which,4
mean”,5
turning,13
round,17
catching,1
withdrew,5
coldly,2
tolerable,14
tempt,4
enjoy,8
smiles,10
wasting,1
walked,44
remained,23
cordial,3
playful,2
ridiculous,3
passed,61
pleasantly,4
admired,12
twice,13
gratified,13
quieter,1
mentioned,28
accomplished,10
partners,3
learnt,14
spirits,38
longbourn,85
village,6
lived,13
inhabitants,3
regardless,2
curiosity,23
event,21
raised,6
splendid,3
expectations,7
wife’s,3
stranger,11
disappointed,12
asked,40
vexed,8
admire,18
nobody,17
struck,14
going,57
inquired,8
got,25
third,7
king,7
fourth,2
maria,18
fifth,1
sixth,1
boulanger”,1
god’s,1
o,1
sprained,1
ancle,1
dear”,12
excessively,10
charming,18
elegant,14
dresses,1
lace,1
hurst’s,1
gown”,1
interrupted,9
finery,2
seek,8
branch,3
bitterness,5
shocking,5
rudeness,2
lose,10
suiting,1
fancy,19
horrid,3
worth,15
conceited,6
enduring,1
fancying,4
setdowns,1
man”,6
alone,28
cautious,4
praise,22
sister,172
youngman,1
be”,5
“sensible,1
happy,77
ease,17
breeding”,1
handsome”,3
likewise,16
possibly,8
thereby,2
complete”,1
flattered,7
asking,14
expect,35
compliment”,1
“did,8
surprise,34
seeing,59
thanks,14
gallantry,8
stupider,1
person”,3
“dear,5
apt,1
fault,6
ill,44
human,6
life”,6
hasty,5
censuring,1
anyone,22
think”,6
honestly,4
blind,6
follies,4
affectation,3
candour,3
meets,2
everywhere,2
candid,1
ostentation,1
designto,1
everybody’s,2
badbelongs,1
man’s,5
his”,1
“certainly,5
converse,4
brother,57
mistaken,19
listened,21
silence,34
convinced,39
calculated,3
please,13
pliancy,1
unassailed,1
disposed,15
approve,5
deficient,5
goodhumour,11
power,42
chose,16
educated,2
private,11
seminaries,1
pounds,22
habit,7
spending,5
associating,1
entitled,4
meanly,3
respectable,14
circumstance,19
deeply,4
memories,2
brother’s,13
acquired,2
trade,4
inherited,1
amount,2
purchase,6
choice,13
county,6
liberty,6
manor,2
doubtful,2
easiness,3
spend,13
remainder,1
anxious,26
established,7
tenant,1
unwilling,10
preside,1
table,32
home,62
suited,3
tempted,7
accidental,3
recommendation,4
hour,33
situation,37
rooms,8
owner,4
steady,12
spite,23
opposition,3
endeared,1
openness,3
ductility,1
offer,27
appeared,32
dissatisfied,4
strength,6
firmest,2
reliance,3
haughty,3
reserved,7
inviting,3
greatly,14
wherever,8
continually,6
offence,4
meryton,52
sufficiently,5
pleasanter,4
prettier,1
attentive,10
stiffness,2
conceive,3
angel,3
contrary,10
collection,4
smallest,11
received,61
smiled,18
sweet,6
object,47
authorized,3
commendation,7
walk,50
bennets,9
intimate,13
formerly,8
risen,1
knighthood,2
address,19
mayoralty,1
strongly,7
residence,3
market,2
quitting,8
removed,16
mile,6
denominated,1
period,15
lodge,8
importance,22
unshackled,1
occupy,2
solely,4
civil,18
elated,1
render,3
supercilious,1
inoffensive,1
friendly,7
obliging,5
presentation,5
st,7
james’s,5
courteous,1
valuable,9
twentyseven,2
absolutely,18
communicate,3
charlotte”,1
selfcommand,1
choice”,1
“yes,44
better”,7
herindeed,1
didi,1
itbut,1
whatsomething,1
robinson”,1
“perhaps,10
overheard,3
robinson,1
robinson’s,1
prettiest,1
answering,3
question,20
‘oh,1
opinions,7
point’”,1
“upon,7
indeedthat,1
ifbut,1
know”,6
overhearings,1
purpose,18
yours,11
eliza”,3
listening,10
eliza,19
beg,17
lizzy’s,2
illtreatment,1
misfortune,8
night,33
close,9
“are,7
ma’am,7
mistake”,2
to”,3
“miss,11
speaks,2
remarkably,10
agreeable”,3
guess,5
eat,5
somehow,2
carriage,42
hack,1
chaise”,1
long”,4
“another,1
safely,3
promise,17
pride”,4
“does,3
offend,3
excuse,15
everything,59
favour,21
proud”,1
true”,5
easily,26
forgive,9
mortified,5
mine”,3
“pride”,1
piqued,1
solidity,2
reflections,9
failing,2
prone,2
cherish,1
selfcomplacency,1
score,4
imaginary,5
vanity,18
used,20
synonymously,1
vain,20
relates,3
us”,7
pack,2
foxhounds,1
drink,7
bottle,2
wine,3
day”,7
ought”,1
directly”,2
boy,3
argument,5
ended,4
grew,6
goodwill,4
intolerable,2
younger,29
greatest,21
superciliousness,1
treatment,4
excepting,3
value,8
probability,10
influence,14
evident,18
whenever,22
preference,9
begun,1
entertain,5
united,6
composure,16
uniform,1
cheerfulness,6
guard,7
suspicions,4
impertinent,6
pleasant”,1
able,53
impose,2
disadvantage,5
guarded,9
conceals,1
opportunity,28
fixing,2
dark,2
gratitude,20
attachment,27
safe,5
begin,12
freelya,1
encouragement,9
nine,2
feels,4
likes,8
undoubtedly,6
on”,2
allow,31
perceive,8
simpleton,4
discover,8
too”,1
“remember,2
do”,14
partial,10
endeavor,1
conceal,12
sees,6
tolerably,14
hours,27
together,62
parties,11
conversing,3
secure,12
leisure,12
chooses”,1
“your,21
plan,13
one”,3
“where,2
adopt,3
reasonableness,1
dined,8
character”,5
“not,12
represent,3
appetite,2
evenings,4
togetherand,1
deal”,2
enabled,2
ascertain,2
vingtun,1
commerce,1
leading,5
unfolded”,1
“well”,3
success,17
tomorrow,11
happiness,69
studying,4
twelvemonth,6
marriage,64
dispositions,1
similar,5
beforehand,1
advance,3
felicity,16
continue,9
grow,4
unlike,4
vexation,9
defects,5
sound,8
yourself”,6
occupied,6
suspecting,2
becoming,3
scarcely,45
criticise,1
sooner,13
clear,8
face,27
rendered,11
discovery,7
succeeded,7
mortifying,6
detected,2
symmetry,1
forced,20
acknowledge,7
light,17
asserting,1
fashionable,1
caught,11
unaware,1
attended,24
notice,20
lucas’s,4
assembled,6
forster”,2
answer”,2
satirical,1
approaching,12
seeming,3
intention,16
defied,1
provoking,3
teasing,6
forster,36
meryton”,5
energy,5
energetic”,1
severe,8
turn,24
teased”,1
instrument,11
follows”,1
strange,8
friendalways,1
wanting,7
sing,4
musical,1
invaluable,3
performers”,1
persevering,1
“very,11
must”,1
gravely,3
glancing,4
“there,17
saying,35
familiar,3
with‘keep,1
breath,2
cool,3
porridge’and,1
mine,12
swell,1
song”,1
performance,5
song,4
eagerly,14
plain,10
worked,4
accomplishments,4
impatient,8
application,12
pedantic,1
higher,4
excellence,3
concerto,1
scotch,2
irish,1
airs,1
request,12
joined,28
stood,13
silent,25
indignation,8
mode,5
passing,11
exclusion,1
engrossed,5
amusement,11
refinements,1
polished,2
societies”,1
vogue,1
societies,1
savage,1
performs,1
delightfully”,1
pause,18
group,2
adept,1
science,1
sir”,11
inconsiderable,1
james’s”,1
“never,1
compliment,25
pay,10
avoid,18
conclude”,1
bowed,3
society,30
lucas”,2
paused,3
companion,16
moving,6
notion,8
gallant,1
desirable,11
refuse,9
surprised,33
receive,28
instantly,31
discomposure,3
“indeed,13
entreat,6
moved,9
partner”,2
grave,9
requested,2
shake,2
excel,2
cruel,3
deny,8
dislikes,1
oblige,6
hour”,1
politeness”,1
smiling,10
considering,13
inducement,5
complaisance,4
archly,2
resistance,2
complacency,4
accosted,2
reverie”,1
mannerin,1
annoyed,1
insipidity,1
noisethe,1
nothingness,1
selfimportance,4
strictures,1
conjecture,6
totally,8
wrong,14
agreeably,3
meditating,3
pair,2
bestow”,1
desired,6
inspiring,1
intrepidity,1
repeated,21
favourite,21
pray,21
joy”,2
lady’s,8
imagination,4
rapid,3
jumps,1
matrimony,6
wishing,14
“nay,1
motherinlaw,2
indifference,16
flowed,1
along,10
unfortunately,3
entailed,5
default,1
heirs,1
male,1
relation,11
mother’s,25
ample,2
supply,7
deficiency,2
attorney,3
philips,27
clerk,1
convenient,5
distance,14
usually,8
week,27
duty,15
aunt,75
milliner’s,1
shop,5
frequent,12
vacant,5
sisters’,4
offered,10
amuse,5
furnish,4
bare,1
contrived,3
supplied,2
recent,5
militia,6
remain,10
winter,14
headquarters,1
visits,5
productive,1
officers’,2
connections,18
lodgings,5
length,32
visited,4
opened,18
source,7
unknown,8
animation,4
worthless,2
opposed,5
regimentals,2
ensign,1
effusions,2
coolly,4
“from,6
collect,2
silliest,1
suspected,9
convinced”,1
captain,4
carter,4
astonished,13
ready,20
slightingly,1
anybody’s,2
however”,1
happens,3
clever”,1
“this,23
coincided,1
differ,1
foolish”,2
red,3
welland,2
smart,2
nay,5
william’s,6
regimentals”,1
“mamma”,1
watson’s,1
clarke’s,1
library”,3
prevented,23
replying,3
footman,1
servant,15
sparkled,2
calling,14
“well,17
haste,8
aloud,10
nind,3
compassionate,2
dine,16
today,6
louisa,4
danger,19
hating,1
lives,4
day’s,4
têteàtête,4
quarrel,5
receipt,2
“caroline,2
officers”,1
that”,2
“dining,1
unlucky”,2
“can,8
carriage”,2
horseback,2
rain,4
night”,1
scheme”,1
home”,4
hursts,1
horses,7
theirs”,1
coach”,1
spare,6
wanted,23
farm,2
they”,1
cheerful,8
prognostics,2
oftener,3
today”,3
answered”,1
extort,1
answered,33
rained,1
uneasy,7
intermission,3
indeed”,12
aware,13
contrivance,4
breakfast,19
dearest,16
lizzie,2
unwell,2
imputed,4
getting,7
wet,2
yesterday,12
returning,11
insist,8
jonestherefore,1
alarmed,8
meand,1
sore,1
throat,1
headache,2
“yours,4
etc”,2
dangerous,1
fit,4
illnessif,1
dieit,1
comfort,31
pursuit,6
orders”,2
dying,3
die,3
trifling,4
colds,1
stays,1
horsewoman,1
alternative,3
resolution,19
silly”,1
“as,15
dirt,2
there”,4
janewhich,1
want”,1
horses”,1
motive,18
miles,15
dinner”,2
activity,4
benevolence”,1
guided,2
exertion,9
proportion,4
required”,1
set,30
haste”,1
goes”,1
parted,13
repaired,4
wives,1
crossing,2
field,3
pace,1
jumping,1
stiles,1
springing,2
puddles,1
finding,13
weary,2
ancles,2
dirty,4
glowing,1
warmth,8
parlour,7
appearance,32
created,4
weather,6
incredible,3
held,5
politely,3
politenessthere,1
brilliancy,2
occasion’s,1
justifying,1
coming,57
inquiries,23
favourably,2
slept,1
feverish,2
withheld,4
alarm,13
inconvenience,5
expressing,8
longed,9
beside,1
expressions,12
treated,7
silently,3
solicitude,8
showed,8
examined,4
patient,1
supposed,26
endeavour,20
advised,3
bed,5
draughts,2
readily,17
symptoms,2
increased,11
ached,1
quit,10
absent,4
elsewhere,3
clock,1
unwillingly,4
pressing,5
testified,2
concern,25
convert,1
thankfully,1
consented,2
acquaint,2
clothes,13
viii,1
o’clock,5
retired,3
dress,5
halfpast,1
summoned,5
poured,1
distinguishing,2
disliked,4
restored,2
enjoyment,13
anxiety,19
intruder,1
believed,37
indolent,1
cards,5
prefer,6
dish,5
ragout,1
directly,21
abusing,3
indeeda,1
impertinence,7
style,10
walker,3
wild”,2
nonsensical,3
scampering,1
hair,2
untidy,1
blowzy”,1
petticoat,3
inches,1
mud,1
gown,5
hide,2
office”,1
louisa”,1
lost,29
escaped,5
notice”,1
sure”,9
exhibition”,1
whatever,30
abominable,6
sort,37
independence,6
countrytown,1
decorum”,1
shows,4
pleasing”,1
whisper,9
adventure,2
affected,20
eyes”,2
brightened,1
exercise”,1
excessive,4
bennetshe,1
girland,1
uncle,57
cheapside”,2
capital”,1
laughed,11
heartily,10
uncles,2
fill,1
jot,1
materially,5
lessen,4
world”,3
assent,1
indulged,2
mirth,2
expense,8
friend’s,8
relations,22
renewal,7
tenderness,3
leaving,18
diningparlour,4
coffee,6
poorly,3
asleep,1
stairs,7
drawingroom,17
loo,2
invited,11
below,5
cards”,2
singular”,1
“despises,1
else”,4
deserve,8
censure”,1
things”,1
nursing,1
pleasure”,3
well”,9
thanked,7
lying,1
fetch,3
benefit,5
idle,8
fellow,4
into”,1
assured,28
suit,7
astonished”,1
good”,4
generations”,1
yourselfyou,1
buying,1
books”,2
comprehend,18
these”,1
“neglect,1
charles,5
pemberley”,4
may”,1
advise,8
model,2
derbyshire”,2
buy,4
sell,1
possibilities,1
charles”,1
caroline,11
imitation”,1
laying,2
wholly,26
aside,4
cardtable,2
stationed,3
observe,10
game,7
grown,3
spring”,2
am”,3
height,3
taller”,1
pianoforte,5
exquisite”,1
amazing,1
patience,9
“all,3
tables,6
cover,1
screens,1
net,1
purses,1
spoken,16
informed,10
accomplished”,2
extent,7
accomplishments”,1
“has,6
deserves,3
netting,1
purse,1
covering,2
screen,2
agreeing,3
estimation,5
boast,10
knowing,27
halfadozen,1
range,2
“nor,1
“then”,1
certainly”,2
faithful,3
assistant,1
esteemed,7
surpass,1
thorough,3
music,10
drawing,3
languages,1
besides,11
voice,22
deserved”,1
possess”,2
substantial,2
improvement,9
extensive,4
reading”,1
longer,42
any”,1
possibility,13
this”,13
capacity,1
elegance,9
describe,7
united”,1
injustice,4
implied,1
protesting,4
bitter,2
complaints,4
inattention,2
forward,28
“eliza,1
undervaluing,1
daresay,2
succeeds,1
paltry,2
device,1
art”,1
“undoubtedly”,2
chiefly,10
arts,3
condescend,1
employ,2
captivation,1
bears,2
cunning,1
despicable”,1
jones’s,2
sent,19
service,6
recommended,9
physicians,1
comply,3
jones,2
decidedly,4
uncomfortable,7
miserable,6
solaced,1
wretchedness,2
duets,1
supper,11
relief,13
housekeeper,14
directions,7
sister’s,37
housemaid,2
amendment,2
desiring,2
contents,8
quickly,4
complied,3
apparent,3
illness,1
alarming,5
recovering,5
health,18
remove,2
listen,12
daughter’s,6
carried,8
advisable,6
trespass,2
kindness”,1
“removed”,1
removal”,1
madam”,9
civility,41
remains,5
profuse,1
acknowledgments,2
become,9
suffers,1
exception,1
sweetest,3
prospect,14
gravel,3
hurry,10
lease”,1
“whatever,3
hurry”,1
resolve,2
yesi,1
perfectly”,1
pitiful”,1
follow,11
intricate,2
estimable,2
yours”,6
“lizzy”,4
run,11
wild,9
suffered,8
before”,5
studier,1
advantage”,1
country”,4
subjects,10
move,3
confined,5
unvarying,1
society”,2
alter,1
ever”,8
offended,9
mentioning,7
gained,11
victory,1
triumph,10
shops,1
places,5
advantages,8
either”,3
gentleman”,2
“seemed,1
mamma,7
blushing,1
mistook,1
variety,7
neighbourhoods,1
fourandtwenty,1
families”,1
directed,9
expressive,2
smile,29
bingleyis,1
genteel,3
breeding,3
important,10
matter”,5
mincepies,1
pity,9
friend”,4
yes,19
envied,2
child,12
janeone,1
trust,15
partiality,13
gardiner’s,13
sisterinlaw,2
wrote,21
verses,1
were”,1
affection”,2
overcome,9
efficacy,1
poetry,2
driving,4
food,1
“of,7
stout,2
nourishes,1
strong,19
thin,5
inclination,20
sonnet,1
starve,1
ensued,2
tremble,1
lest,8
exposing,5
repeating,6
apology,6
troubling,1
unaffectedly,2
performed,6
graciousness,1
ordered,8
signal,2
whispering,3
tax,2
wellgrown,1
animal,1
selfconsequence,2
uncle’s,9
dinners,2
assurance,14
abruptly,2
reminded,6
adding,5
shameful,2
attack,4
ear,1
engagement,18
recovered,6
name,31
yesit,1
wait,17
shame,10
departed,2
relations’,2
remarks,7
prevailed,15
censure,4
witticisms,1
invalid,1
slowly,2
mend,5
writing,12
seated,15
watching,8
progress,5
repeatedly,9
messages,1
piquet,1
needlework,1
amused,6
attending,9
perpetual,1
commendations,2
handwriting,1
evenness,2
unconcern,3
praises,2
formed,16
unison,1
letter”,6
write,38
fast”,1
slowly”,1
odious,3
lot,2
“pray,5
desire”,1
pen,3
pens,1
“thank,3
youbut,1
own”,3
contrive,3
even”,1
“tell,2
harp,1
grantley’s”,1
defer,3
justice”,2
january,2
determine”,2
rule,2
caroline”,1
“because,4
syllables,1
“charles,1
writes,1
careless,2
imaginable,2
leaves,2
blots,1
rest”,1
ideas,12
flow,4
rapidly,2
convey,2
correspondents”,1
humility,5
“must,1
disarm,1
reproof”,1
“nothing,3
deceitful”,1
“than,2
carelessness,2
indirect,2
boast”,1
call,27
piece,5
modesty”,2
proceeding,6
rapidity,4
execution,3
prized,1
possessor,2
imperfection,1
resolved,30
panegyric,2
laudable,1
precipitance,2
undone,1
“nay”,2
foolish,6
assume,3
needless,3
celerity,1
dependent,3
mounting,1
‘bingley,1
week’,1
ityou,1
goand,1
month”,2
proved,17
justice,13
exceedingly,25
gratified”,1
converting,1
sweetness,5
intend,2
flat,1
denial,3
ride,3
fast,6
could”,1
“would,2
rashness,1
atoned,1
obstinacy,2
adhering,1
matterdarcy,1
allowing,7
according,8
representation,4
delay,6
offering,3
propriety”,1
yield,4
readilyeasilyto,1
conviction,16
requester,1
waiting,9
arguments,5
occurs,1
discuss,2
thereupon,2
ordinary,3
complying,3
argued,1
arrange,1
precision,1
appertain,1
intimacy,10
subsisting,2
parties”,1
means”,1
particulars,20
forgetting,2
comparative,2
size,4
weight,6
deference,5
awful,2
sunday,9
checked,5
warmly,8
resented,3
indignity,2
expostulation,1
disputes,1
thankful,9
ask”,4
sacrifice,8
indulgence,6
alacrity,5
polite,5
lead,7
earnestly,11
negatived,1
sang,1
musicbooks,1
lay,5
frequently,22
reprehensible,3
supposition,4
pain,28
approbation,7
italian,1
songs,1
seize,1
reel”,1
determine,11
‘yes’,1
despising,2
overthrowing,1
schemes,7
cheating,1
premeditated,1
reel,1
despise,2
dare”,2
affront,4
amazed,5
archness,1
bewitched,1
inferiority,3
jealous,3
recovery,3
rid,5
provoke,5
disliking,1
guest,5
planning,2
alliance,3
hope”,4
shrubbery,4
hints,4
takes,6
holding,2
compass,1
cure,1
running,9
check,4
bordering,3
conceit,4
possesses”,1
domestic,7
felicity”,2
portraits,2
placed,9
greatuncle,1
profession,6
catch,4
eyelashes,1
copied”,1
walk”,1
confusion,9
abominably,4
“running,1
telling,7
disengaged,3
arm,4
path,4
wide,3
avenue”,1
laughingly,2
charmingly,2
grouped,1
picturesque,1
goodbye”,1
ran,13
gaily,2
rejoicing,4
rambled,1
couple,8
xi,1
welcomed,7
professions,6
powers,6
entertainment,6
accuracy,1
relate,11
anecdote,2
advanced,5
steps,5
congratulation,1
bow,11
glad”,1
diffuseness,1
salutation,4
suffer,12
fireplace,2
farther,13
opposite,11
corner,1
tea,12
cardtablebut,1
obtained,4
petition,1
rejected,4
justify,6
stretch,2
sofas,1
sleep,3
principally,5
bracelets,1
rings,1
perpetually,3
win,1
chosen,8
volume,2
yawn,2
tires,1
yawned,1
threw,9
cast,2
quest,7
bye,2
consult,3
begins,4
nicholls,1
soup,2
balls,8
insufferably,1
tedious,1
usual,34
process,1
“much,1
aimed,1
inflexibly,1
studious,1
desperation,1
effort,5
example,5
refreshing,2
attitude”,1
awake,2
novelty,5
quarter,9
unconsciously,3
choosing,1
joining,5
interfere,1
meaningand,1
surest,1
disappointing,3
persevered,1
requiring,5
explanation,7
explaining,3
method,5
other’s,1
confidence,11
affairs,7
conscious,3
completely,7
shocking”,1
punish,3
speech”,2
inclination”,1
plague,3
himlaugh,1
done”,5
taught,8
calmness,4
presence,6
defy,4
laughter,2
expose,7
attempting,4
hug,1
at”,1
dearly,3
laugh”,1
wisest,6
mennay,1
actionsmay,1
joke”,1
“certainly”,2
ridicule,3
wise,5
whims,2
inconsistencies,1
divert,1
precisely,1
without”,1
ridicule”,2
weakness,5
pridewhere,1
mindpride,1
regulation”,1
examination,3
presume”,1
result”,1
defect,4
owns,1
disguise”,1
“no”,4
pretension,1
faults,4
vouch,3
convenience,3
vices,1
offences,3
puffed,1
resentful,2
“implacable,1
tendency,3
evil,13
overcome”,1
everybody”,3
wilfully,4
misunderstand,3
music”,1
tired,4
“louisa,1
waking,1
hurst”,1
moments’,1
recollection,11
paying,4
agreement,3
remaining,8
tuesday,12
propitious,1
postscript,3
pressed,2
staying,10
positively,2
resolvednor,1
fearful,5
intruding,2
needlessly,1
borrow,2
communication,10
excited,11
morrow,5
proposed,5
jealousy,4
exceeded,2
master,22
sorrow,4
herthat,1
firm,3
welcome,12
attracted,2
uncivil,5
wisely,4
careful,4
sign,2
himnothing,1
elevate,1
influencing,1
suggested,5
material,9
confirming,2
crushing,1
saturday,15
adhered,1
conscientiously,1
separation,8
embracing,2
tenderly,2
shook,11
hands,7
liveliest,3
cordially,3
wondered,8
trouble,20
laconic,1
circle,7
bass,1
extracts,1
observations,3
threadbare,2
preceding,4
wednesday,9
lately,11
flogged,1
hinted,1
“who,4
happen,11
stranger”,1
janeyou,1
dropped,6
thisyou,1
sly,4
butgood,1
lord,11
fish,5
ring,5
bell,4
moment”,4
roused,7
questioned,3
explained“about,1
month,6
dead,5
pleases”,2
bear,25
hardest,1
attempted,5
reach,7
rail,1
bitterly,2
cared,7
iniquitous,1
guilt,3
inheriting,2
softened,6
quarrelling,3
filial,2
scruples,4
hear”,3
“hunsford,1
westerham,1
kent,12
15th,1
october,1
disagreement,1
honoured,9
uneasiness,7
heal,1
breach,3
kept,17
doubts,2
fearing,3
disrespectful,1
memory,8
terms,20
variance”‘there,1
bennet’“my,1
ordination,1
easter,2
patronage,4
honourable,7
widow,3
lewis,3
bounty,1
beneficence,1
rectory,1
demean,1
grateful,13
ladyship,30
perform,4
rites,1
ceremonies,1
instituted,1
church,11
clergyman,8
moreover,11
promote,4
establish,1
blessing,4
peace,6
overtures,1
commendable,1
kindly,7
overlooked,3
reject,4
olive,2
concerned,18
injuring,1
apologize,4
readiness,4
hereafter,3
satisfaction,27
november,5
18th,1
hospitality,3
se’nnight,1
objecting,3
respectful,1
wellwisher,1
“william,1
collins”,7
peacemaking,1
folded,1
conscientious,1
indulgent,1
discourage,2
“though,4
difficult”,1
atonement,1
thinks,4
credit”,1
christening,1
burying,1
parishioners,1
oddity,1
pompous,3
apologizing,4
reverse,1
servility,1
promises,3
composition”,1
expressed”,1
writer,3
scarlet,2
weeks,15
collins’s,23
illwill,3
preparing,6
punctual,3
politeness,15
heavylooking,1
fiveandtwenty,2
stately,3
complimented,3
fame,1
fallen,3
hearers,1
quarrelled,1
oddly”,1
allude,1
estate”,1
affair,14
confess,15
estates,3
entailed”,1
madam,11
hardship,1
fair,22
cousins,11
appearing,6
precipitate,2
prepared,10
acquainted”,1
summons,3
hall,12
diningroom,8
furniture,10
praised,2
viewing,3
future,15
begged,8
cookery,1
owing,4
asperity,1
cook,1
kitchen,1
pardon,11
displeased,3
withdrawn,3
started,4
shine,1
patroness,6
bourgh’s,4
eloquent,2
elevated,2
solemnity,5
aspect,6
witnessed,4
ranksuch,1
affability,4
condescension,7
experienced,4
graciously,1
discourses,1
preaching,3
rosings,46
pool,1
quadrille,4
reckoned,1
condescended,5
humble,9
parsonage,16
approved,3
alterations,1
vouchsafed,1
suggest,2
herselfsome,1
shelves,1
closets,1
upstairs,15
garden,12
stands,2
abode,8
separated,3
ladyship’s,12
residence”,1
family”,7
heiress,1
property”,1
“ah”,1
shaking,2
handsomest,4
marks,2
sickly,4
constitution,1
superintended,1
resides,1
condescends,1
drive,4
phaeton,4
ponies”,1
presented,2
court”,1
“her,3
indifferent,14
unhappily,3
prevents,1
deprived,3
brightest,2
ornament,1
acceptable,5
duchess,1
adorned,3
peculiarly,3
bound,1
pay”,1
properly”,1
flattering,4
arise,7
suggesting,1
arranging,2
adapted,3
unstudied,1
possible”,5
fully,5
absurd,5
keenest,3
maintaining,1
resolute,1
glance,7
teatime,1
dose,1
invite,6
ht,1
feb,1
94,1
assented,2
produced,11
beholding,3
announced,3
circulating,1
begging,2
exclaimed,8
deliberation,4
“fordyce’s,1
sermons”,2
gaped,1
monotonous,1
pages,1
talks,1
richard,1
hire,1
denny,12
bid,1
hold,7
interested,8
stamp,1
amazes,1
advantageous,2
instruction,2
importune,1
cousin”,3
antagonist,1
backgammon,2
challenge,1
amusements,3
apologized,2
civilly,3
interruption,10
occur,4
resume,1
bore,9
resent,4
assisted,4
guidance,2
illiterate,1
miserly,1
belonged,3
universities,1
forming,4
useful,6
subjection,1
originally,2
counteracted,2
selfconceit,1
weak,6
living,23
consequential,1
unexpected,7
prosperity,3
veneration,1
mingling,1
rector,3
obsequiousness,1
income,10
reconciliation,2
represented,7
amendsof,1
atonementfor,1
father’s,19
eligibility,1
suitableness,3
disinterested,3
vary,3
lovely,3
confirmed,3
notions,3
seniority,1
alteration,7
hour’s,4
beginning,12
parsonagehouse,2
naturally,12
avowal,3
mistress,9
amid,1
complaisant,1
caution,3
sayshe,1
answerbut,1
prepossessionher,1
mentionshe,1
incumbent,4
engaged”,2
elizabethand,1
donedone,1
treasured,1
trusted,6
attend,5
nominally,1
largest,1
folios,1
cessation,1
doings,2
discomposed,2
tranquillity,5
free,7
prompt,1
fitted,6
nothings,1
assents,1
wandering,3
street,17
bonnet,3
muslin,3
recall,2
officer,8
concerning,5
inquire,9
stranger’s,1
led,18
across,6
pretence,2
fortunately,2
pavement,1
spot,7
entreated,2
permission,6
commission,7
corps,6
conversationa,1
correct,2
unassuming,2
riding,1
civilities,6
spokesman,1
corroborated,1
fix,3
arrested,2
happening,2
effect,17
moments,10
hata,1
minute,9
bows,2
throwing,2
loudly,2
seconding,1
fetched,1
shopboy,1
claimed,3
intrusion,3
justified,5
relationship,10
awed,2
excess,2
contemplation,4
exclamations,3
lieutenant’s,1
shire,12
streetand,1
occupation,1
unluckily,3
windows,6
“stupid,1
fellows”,1
philipses,2
nice,5
comfortable,12
noisy,3
lottery,3
tickets,3
hot,2
delights,2
cheering,2
mutual,5
apologies,2
unwearying,1
defended,1
admiring,2
utmost,10
pointedly,1
included,2
utterly,1
attributed,5
people’s,4
steadily,3
resisted,1
coach,8
conveyed,2
suitable,3
seats,2
around,2
apartment,4
summer,18
gratification,1
understood,11
proprietor,3
catherine’s,16
drawingrooms,1
chimneypiece,1
cost,4
eight,8
force,8
housekeeper’s,1
describing,2
grandeur,4
mansion,2
digressions,1
improvements,1
receiving,20
until,1
listener,3
resolving,7
retail,1
neighbours,10
examine,2
imitations,1
china,1
mantelpiece,3
interval,4
approach,7
unreasonable,7
creditable,2
broadfaced,1
stuffy,1
breathing,1
port,1
finally,7
fell,2
rainy,1
season,4
commonest,1
dullest,1
topic,1
speaker,1
rivals,1
sink,3
insignificance,3
intervals,3
watchfulness,2
abundantly,3
muffin,1
card,5
whist,5
present”,1
improve,3
compliance,1
engrossing,1
talker,1
eager,13
bets,1
exclaiming,4
prizes,1
demands,1
willing,6
dared,13
unexpectedly,3
relieved,8
hesitating,1
“about,1
drop,3
understand”,2
“yes”,3
per,3
annum,2
capable,18
myselffor,1
infancy”,1
assertion,3
disagreeable”,3
opinion”,3
qualified,2
impartial,3
astonishand,1
anywhere,1
disgusted,3
anyone”,1
sorry”,2
estimated,1
deserts,2
blinded,2
frightened,8
imposing,1
illtempered,1
wonder”,1
“whether,2
longer”,2
plans,2
noit,1
driven,5
avoiding,2
proclaim,1
worlda,1
illusage,2
painful,14
breathed,1
truest,1
soul,2
tender,4
recollections,8
scandalous,3
verily,1
disgracing,2
father”,4
increase,6
topics,1
intelligible,4
constant,12
enter,12
quarters,2
procured,4
solitude,3
employment,6
military,1
circumstances,26
eligible,7
professioni,1
“indeed”,3
“yesthe,1
bequeathed,1
godfather,1
attached,11
provide,4
amply,2
elsewhere”,2
“good,9
heavens”,1
disregarded,1
legal,1
redress”,1
informality,1
bequest,1
law,4
doubted,8
itor,1
treat,5
conditional,1
assert,5
forfeited,1
extravagance,4
imprudence,10
became,16
accuse,4
warm,6
unguarded,4
freely,3
hates,2
publicly,3
disgraced”,1
“some,2
bebut,1
what”,1
induced,2
behave,2
cruelly”,1
mea,1
attribute,4
measure,5
borne,5
irritated,1
stoodthe,1
thisthough,1
himi,1
fellowcreatures,2
suspect,4
descending,2
malicious,2
revenge,2
inhumanity,1
minutes’,5
boasting,1
implacability,1
resentments,1
unforgiving,2
dreadful”,2
subject”,4
godson,2
amiable”,1
contented,4
with“and,1
childhood,1
closest,2
manner”,4
inmates,1
sharing,2
parental,1
devoted,3
confidential,1
obligations,3
active,4
superintendence,1
voluntary,3
providing,1
debt,4
strange”,2
dishonestfor,1
dishonesty,1
wonderful”,1
nearer,5
virtue,9
stronger,6
impulses,1
liberal,4
money,23
assist,7
tenants,2
relieve,2
disgrace,10
degenerate,1
brotherly,2
guardian,2
brothers”,1
brothervery,1
sixteen,7
superintends,1
education”,2
pauses,2
trials,1
reverting,1
sweettempered,1
“probably,1
abilities,6
conversible,1
equals,1
prosperous,2
liberalminded,1
sincere,10
agreeableallowing,1
figure”,1
breaking,2
players,2
gathered,2
station,2
gravity,4
trifle,5
thingsand,1
shillings,1
necessity,11
regarding,1
matters”,1
wickham’s,31
intimately,2
bourgh”,3
anne,4
existence,2
yesterday”,1
estates”,1
useless,6
selfdestined,1
“speaks,1
misleads,1
arrogant,1
degree”,1
dictatorial,1
insolent,4
reputation,3
derives,1
authoritative,2
nephew,18
everyone,5
class”,1
noise,2
gracefully,1
incessantly,2
won,4
losses,1
enumerating,5
dishes,1
crowded,3
manage,3
stopped,6
xvii,1
veracity,2
endured,4
unkindness,1
defend,3
accident,6
both”,3
“been,1
deceived,13
misrepresented,1
alienated,1
blame,15
behalf,4
somebody”,1
“laugh,1
disgraceful,5
treating,1
mannerone,1
oh,26
no”,4
imposed,3
invent,1
ceremony,5
contradict,2
looks”,1
indeedit,1
distressing,6
pardonone,1
certainty,8
pointthat,1
rising,7
hurrying,3
ceremonious,3
pictured,1
confirmation,4
anticipated,4
depended,4
satisfy,11
disinclination,2
mornings,3
engagements,12
claims,6
profess,1
recreation,1
unnecessarily,1
evening’s,2
scruple,4
dreading,1
rebuke,1
archbishop,1
venturing,1
soliciting,2
disrespect,2
insteadher,1
liveliness,4
timed,1
perforce,1
delayed,6
grace,1
worthy,2
assisting,2
visitors,14
increasing,9
vivacity,2
dispute,2
prepare,6
pitiable,3
succession,1
sought,5
shoeroses,1
proxy,1
trial,2
suspended,2
friday,1
endurable,1
cluster,1
coats,1
occurred,14
dressed,6
conquest,1
unsubdued,1
trusting,2
arose,5
dreadful,9
suspicion,9
purposely,6
omitted,1
bingleys’,1
absolute,4
significant,3
unheard,1
answerable,2
surmise,1
displeasure,6
disappointment,14
approached,6
forbearance,6
illhumour,3
surmount,1
provoked,3
dwell,2
griefs,1
transition,1
oddities,1
distress,16
mortification,6
awkward,10
solemn,5
misery,15
release,1
ecstasy,2
refreshment,5
fret,3
console,9
“heaven,1
forbid,3
evil”,1
recommenced,1
cautioning,2
unpleasant,8
dignity,5
neighbours’,1
amazement,10
break,2
couples”,1
byandby,1
silent”,1
dancing”,1
“sometimes,1
arranged,2
consulting,2
gratifying,6
“both”,1
similarity,2
unsocial,1
taciturn,1
amaze,1
handed,3
posterity,1
éclat,1
proverb”,1
striking,3
resemblance,7
undoubtedly”,1
decide,4
performance”,1
affirmative,2
resist,4
temptation,7
acquaintance”,4
deeper,3
hauteur,2
overspread,3
blaming,3
constrained,1
blessed,4
insure,2
retaining,2
certain”,2
friendship”,1
emphasis,1
desirous,7
changing,3
perceiving,4
courtesy,5
belong,3
circles,1
congratulations,12
appeal,2
darcybut,1
interrupt,5
thank,16
detaining,2
bewitching,1
upbraiding,1
allusion,5
strike,5
forcibly,4
shortly,12
“sir,2
imagine”,2
“booksoh,1
noi,1
compare,1
opinions”,1
“noi,2
occupies,1
scenesdoes,1
always”,1
wandered,2
forgavethat,1
unappeasable,1
created”,1
prejudice”,1
judging,2
properly,7
first”,1
tend”,1
“merely,1
endeavouring,5
trying,6
success”,1
accounts,3
puzzle,2
exceedingly”,2
believe”,2
reports,1
reflect,5
opportunity”,1
suspend,1
breast,2
anger,13
disdain,6
forgot,5
communications,2
steward,5
implicit,1
assertions,3
using,1
infamous,4
including,2
presume,1
favourite’s,1
descent,3
same”,1
angrily,1
pardon”,2
sneer,1
“excuse,1
interference,12
meant”,1
“insolent,1
girl”,2
wilful,3
ignorance,7
malice,2
undertaken,1
glow,3
marked,13
occurrences,4
enemies,1
fairest,1
probity,1
deserved,6
imprudent,11
regard”,2
living”,1
recollect,6
believes,1
conditionally,2
only”,1
sincerity”,1
assurances,9
defence,3
unacquainted,1
discourse,7
sentiment,8
modest,2
heighten,1
pleasantness,3
exultation,1
singular,1
honours,2
withperhapsa,1
respects,6
total,3
plead,2
apology”,1
se’nnight”,1
dissuade,1
addressing,3
ceased,6
matters,7
scope,1
permit,1
laity,1
regulate,1
clergy,1
clerical,1
kingdomprovided,1
maintained,2
dictates,1
conscience,5
neglecting,2
profit,1
guide,2
habitual,1
reception,9
advances,1
watched,7
prefaced,1
motion,1
lips,8
“apology”,1
“hunsford”,1
eyeing,1
unrestrained,1
discouraged,2
discernment,2
bestow,6
unworthily,1
pursue,6
train,1
plainly,6
bent,3
perverseness,6
openly,7
expectation,17
animating,1
fatigue,4
match,22
points,4
selfgratulation,2
promising,4
lastly,1
consign,1
etiquette,2
concluded,10
triumphantly,2
believing,12
audible,1
inexpressible,1
scolded,1
doing”,1
blushed,7
dreaded,7
gradually,6
indignant,2
composed,3
yawning,1
repetition,3
likelihood,5
comforts,4
ham,1
chicken,1
revive,1
entreaty,7
prevent,16
proof,7
complaisancebut,1
exhibiting,1
sensations,3
stanzas,1
impatience,10
rewarded,3
mary’s,1
agonies,1
composedly,3
signs,1
derision,2
impenetrably,2
exhibit”,1
pretending,3
“were,2
innocent,2
diversion,3
compatible,2
devoting,1
tithes,1
beneficial,1
patron,2
sermons,1
duties,2
excused,2
conciliatory,1
owes,2
preferment,3
acquit,2
omit,1
testifying,1
staredmany,1
seriously,13
commended,2
sensibly,2
halfwhisper,1
distressed,13
ridiculing,1
teased,1
perseveringly,1
prevail,2
arguing,1
owed,6
goodnaturedly,1
allusions,1
rejoiced,9
depart,4
manœuvre,1
complain,4
repulsed,1
languor,1
complimenting,1
guests,1
enjoying,4
detached,2
preserved,3
exclamation,1
“lord,1
pressingly,1
eating,2
whither,2
quitted,9
preparations,2
settlements,1
carriages,6
wedding,11
months,16
eclipsed,1
xix,1
declaration,5
diffidence,5
orderly,1
observances,1
solicit,1
audience,2
morning”,1
blush,4
happyi,1
upstairs”,1
gathering,1
hastening,2
embarrassed,6
oppose,3
injunction,1
moment’s,6
quietly,9
incessant,1
“believe,2
modesty,4
disservice,1
adds,3
perfections,2
unwillingness,3
respected,3
purport,2
dissemble,1
singled,2
reasons,5
marryingand,1
selecting,1
did”,5
laughing,10
stop,4
thirdly,2
unasked,1
hunsfordbetween,1
pools,1
jenkinson,8
footstoolthat,1
‘mr,2
gentlewoman,1
her’,1
reckon,1
tempered,2
inevitably,1
excite,3
inherit,1
melancholy,5
placewhich,1
esteem,11
violence,3
demand,3
4,1
cents,1
decease,3
uniformly,3
ungenerous,3
married”,5
learn”,2
wave,1
addresses,5
secretly,3
altar,1
ere,2
daring,2
risk,4
persuaded,25
situation”,1
so”,8
gravely“but,1
disapprove,1
economy,5
qualifications”,1
unnecessary,4
refusing,7
falls,2
selfreproach,2
settled”,3
accusing,1
encourage,6
“really,1
hitherto,2
convince,4
briefly,4
theseit,1
acceptance,4
manifold,1
attractions,5
portion,3
undo,2
loveliness,2
qualifications,1
suspense,6
practice,4
females”,1
pretensions,5
tormenting,1
plainer,1
intending,7
heart”,4
charming”,1
sanctioned,1
parents,7
fail,6
acceptable”,1
perseverance,3
selfdeception,1
persisted,2
refusals,1
apply,3
negative,3
uttered,5
decisive,2
coquetry,1
successful,3
dawdled,1
vestibule,5
conference,4
staircase,2
breakfastroom,7
congratulated,2
felicitations,1
proceeded,10
interview,3
steadfastly,3
bashful,1
genuine,2
startled,2
headstrong,4
“pardon,1
interrupting,2
persists,1
rejecting,2
accepting,4
liable,2
contribute,2
goodnatured,6
settle,7
uproar,1
vows,1
calm,5
altered,6
talking”,1
declares,1
hopeless,6
business”,2
“speak,1
rang,1
child”,2
refused”,1
insists,1
“an,3
unhappy,12
conclusion,7
regarded,3
favours,2
coaxed,1
threatened,1
turns,2
endeavoured,10
interfering,1
earnestness,2
gaiety,2
determination,3
meanwhile,5
hurt,6
deserving,2
regret,19
fun,8
entreating,1
cruelly,2
charlotte’s,17
spared,9
“looking,1
unconcerned,2
caring,2
york,1
alland,1
maintain,1
youand,2
warn,4
undutiful,1
pitied”,1
effusion,2
irritation,3
tongues,1
together”,2
ground,12
detained,3
doleful,1
projected,1
resignation,2
inevitable,3
evils,8
resigned,6
denied,3
showing,4
withdrawing,1
requesting,2
interpose,1
dismission,1
error,6
apologize”,1
discussion,5
peevish,2
embarrassment,10
dejection,3
transferred,1
seasonable,1
abatement,1
shorten,1
lament,3
aunt’s,6
voluntarily,6
selfimposed,1
found”,1
darcythat,2
scenes,2
bestowed,8
accompanying,2
double,2
introducing,4
delivered,4
envelope,3
contained,7
sheet,3
hotpressed,1
paper,6
covered,2
flowing,1
intently,2
passages,2
recollected,13
contains,1
says”,1
sentence,12
comprised,2
grosvenor,2
words“‘i,1
returns,2
intercourse,6
correspondence,5
that’”,1
highflown,1
insensibility,4
distrust,3
suddenness,1
removal,6
cease,2
arrive,2
renewed,6
“‘when,1
imagined,5
comfortless,1
hotel,1
crowd,1
despair,1
sincerely,8
christmas,5
abound,1
gaieties,2
beaux,1
deprive,1
you’,1
winter”,1
should”,3
passage,2
hurts,1
reserves,3
georgiana,12
inspires,1
heightened,8
confiding,2
footing,2
misleading,1
engaging,6
woman’s,4
indulging,1
many’,1
expects,1
suspects,1
“most,1
willingly”,1
wants,11
follows,5
tries,1
thiswe,1
grand,2
intermarriage,1
achieving,1
ingenuity,2
succeed,3
tells,1
alike,2
foundation,4
deceiving,1
supposing,14
mature,1
disobliging,1
equivalent,1
faintly,1
disapprobation,7
hesitate”,1
compassion”,1
months”,3
suggestion,1
caroline’s,3
independent,2
desponding,1
overcame,3
departure,6
gentleman’s,8
bewailed,1
lamenting,1
dining,5
thanking,4
keeps,3
humour”,1
express”,3
repaid,1
conception,1
ofits,1
appearances,1
slyness,2
hasten,1
feet,1
encouraging,4
comparatively,3
diffident,1
perceived,12
eloquence,1
awaited,1
happiest,10
solicitation,1
waived,1
stupidity,4
favoured,1
courtship,2
continuance,3
pure,2
speedily,6
joyful,2
prospects,4
wealth,3
calculate,1
expedient,2
overjoyed,1
boys,3
apprehension,12
maid,3
irksome,2
provision,2
welleducated,1
pleasantest,2
preservative,2
luck,4
valued,4
shaken,3
secrecy,10
dutifully,2
burst,3
direct,7
evade,1
exercising,2
selfdenial,3
longing,2
publish,1
leavetaking,1
cordiality,4
hoping,4
speedy,2
offending,3
patroness”,1
concurrence”,1
offence”,1
mark,4
elizabeth”,4
meditated,2
rated,1
encouraged,8
hers,8
bounds,1
decorum,3
crying,2
impossible”,3
commanded,2
momentary,3
regained,1
calmly,1
procure,1
firmness,1
feeling”,2
state”,1
unsuitable,2
strangeness,1
offers,4
sacrificed,1
worldly,2
humiliating,2
pang,1
sunk,4
xxiii,1
reflecting,1
doubting,2
announce,4
houses,4
unfolded,4
matterto,1
wondering,2
incredulous,3
boisterously,1
courtier,1
goodbreeding,1
forbearing,1
confirm,1
prior,2
overpowered,3
vent,2
disbelieving,1
fourthly,1
broken,6
inferences,1
deduced,1
mischief,3
barbarously,1
dwelt,5
appease,1
wear,1
elapsed,2
rude,3
emotions,1
tranquil,2
confessed,4
improbable,7
envying,1
spread,3
insensible,4
retort,1
sour,1
illnatured,5
restraint,5
mutually,1
subsist,1
fonder,2
rectitude,1
daily,3
counting,1
reasonably,4
twelvemonth’s,1
prompted,1
discharging,2
rapturous,2
unanswerable,1
inconvenient,4
troublesome,1
hated,4
lovers,4
murmurs,1
bringing,12
tidings,3
incensed,2
falsehood,6
fearnot,1
indifferentbut,1
destructive,1
dishonourable,2
stability,1
lover,5
recurring,2
unfeeling,3
overpowering,1
feared,11
concealing,1
require,2
illused,2
needed,3
punctually,3
gracious,6
luckily,4
lovemaking,1
agony,1
successor,1
abhorrence,5
anticipating,2
complained,1
consoling,3
mind”,4
insensibility”,1
one’s,4
professed,4
boasted,2
joyfully,1
ventured,7
predict,1
accomplishment,3
inmate,1
communicated,3
slave,2
designing,1
inclinations,2
sport,4
involved,3
unavailing,2
died,3
suppressed,2
friends’,1
wounded,3
courage,12
“o,1
continual,3
repine,3
slightly,4
colouring,3
god,3
thereforei,1
try,12
harm,4
jane”,6
disinterestedness,1
angelic,1
deserve”,1
disclaimed,1
encroaching,1
privilege,3
universal,3
fewer,1
confirms,1
belief,15
inconsistency,2
dependence,6
instances,4
unaccountable,1
unaccountable”,1
ruin,5
allowance,2
respectability,5
prudent,4
benefited,4
narrowminded,1
marries,1
individual,2
principle,4
integrity,3
prudence,3
security,3
happiness”,3
intentionally,2
circumspect,1
deceives,1
does”,2
designedly,1
attributing,1
design”,1
scheming,1
thoughtlessness,3
impute,1
those”,1
displease,1
whilst,4
can”,2
persist,2
conjunction,1
position,1
“beyond,1
unlikely,4
unnaturally,1
ashamed,16
mistakenor,1
understood”,2
clearly,3
perplexity,2
transient,1
liking,2
statement,1
repeat,5
crossed,5
congratulate,7
companions,7
outdone,1
disappoint,2
jilt,1
creditably”,1
fortune”,3
“true”,1
befall,2
dispelling,1
gloom,3
perverse,1
thrown,8
recommendations,1
unreserve,1
canvassed,2
extenuating,1
mild,1
pleaded,1
allowances,1
mistakes,2
condemned,2
worst,7
alleviated,1
bride,3
gardiner,81
warehouses,2
wellbred,3
subsisted,2
distribute,1
presents,3
newest,1
fashions,2
grievances,2
refused,5
artful,1
thwarted,1
sleeves”,1
separates,1
forgets,1
inconstancies,1
frequent”,1
way”,6
violently,5
‘violently,1
love’,1
hackneyed,1
indefinite,1
growing,3
inattentive,2
incivility,3
essence,1
serviceand,1
anything”,3
acquiescence,2
custody,1
gracechurch,7
month’s,1
ablution,1
cleanse,1
impurities,1
stirs,1
correspond,1
calling”,1
entirely”,1
reanimated,1
successfully,1
combated,1
stayed,8
carefully,3
narrowly,2
affording,2
unconnected,4
dozen,1
fresher,1
procuring,3
inexhaustible,1
comparing,2
bestowing,1
tribute,1
delighting,1
reputed,2
lad,1
confident,3
fitzwilliam,31
xxvi,1
warned,1
involve,2
isyou,1
likewise”,1
“elizabeth,1
sawand,1
becomes,4
mei,1
forfeit,1
wiser,2
best”,1
refrain,3
satisfied”,2
parteda,1
wonderful,2
“wished,1
happy”,5
thursday,4
weddingday,2
farewell,3
rose,7
ungracious,3
reluctant,2
shall”,1
hertfordshire”,1
hunsford”,2
foresaw,1
march”,1
bridegroom,1
slacken,1
correspondent,2
eagerness,8
pronounce,3
foreseen,2
cheerfully,2
surrounded,1
roads,1
rationally,3
accounted,2
street”,1
spirits”,1
reproached,2
inventing,1
visitor,11
shortness,1
deceive,4
triumphing,1
obstinate,3
meantime,2
singling,1
deservedly,1
harshly,1
duplicity,2
banish,3
invariable,1
duped,1
review,3
contentment,3
subsided,1
admirer,3
watchful,1
acquisition,1
rendering,1
clearsighted,1
struggles,3
relinquish,1
relating,5
on“i,1
elevating,1
effectual,1
distractedly,1
purchased,3
defection,1
plain”,1
xxvii,1
events,5
diversified,1
walks,3
february,1
march,1
depending,2
learned,3
weakened,1
uncompanionable,1
unwelcome,3
peep,1
smoothly,1
accompany,3
bidding,3
adieu,5
reminding,1
hertheir,1
everybodywould,1
coincide,1
attach,3
fellowtravellers,1
emptyheaded,1
rattle,2
absurdities,2
wonders,3
worn,2
twentyfour,1
noon,2
drove,11
healthful,1
troop,1
cousin’s,7
shyness,2
bustle,1
shopping,1
theatres,1
struggled,2
support,7
reasonable,14
occurring,1
rallied,2
niece,20
desertion,1
bearing,2
mercenary”,2
matrimonial,1
mercenary,3
avarice,1
grandfather’s,1
“nowhy,1
allowable,1
gain,2
affections,4
poor”,2
indelicacy,2
directing,2
event”,1
decorums,1
we”,2
herselfsense,1
heaven,9
“take,2
savours,1
disappointment”,3
tour,6
carry,5
lakes”,1
rapturously,1
vigour,1
spleen,1
rocks,1
mountains,2
transport,1
travellers,2
accurate,1
gonewe,1
lakes,5
rivers,1
jumbled,1
imaginations,1
relative,3
generality,2
travellers”,1
xxviii,1
northern,3
search,2
paling,2
boundary,2
discernible,1
sloping,1
green,3
pales,2
laurel,1
hedge,1
arriving,1
gate,6
amidst,4
nods,1
affectionately,4
pointing,5
neatness,2
ostentatious,1
glory,1
neat,1
gratify,2
sigh,2
repentance,1
involuntarily,2
discern,2
article,3
sideboard,1
fender,1
stroll,1
cultivation,1
pleasures,6
healthfulness,1
owned,3
pointed,5
fields,1
direction,9
trees,5
clump,1
bordered,2
front,5
building,3
situated,4
meadows,1
encounter,4
husband’s,8
built,3
consistency,1
throughout,3
ensuing,1
include,1
regularly,1
neighbour”,1
deference”,1
chamber,1
meditate,2
guiding,1
anticipate,1
quiet,7
tenour,1
employments,4
vexatious,2
interruptions,1
landingplace,1
breathless,2
agitation,6
fronted,2
stopping,3
pigs,1
daughter”,2
“la,2
small”,1
doors,8
wind,1
appearance”,1
wife”,3
doorway,1
constantly,2
bowing,1
letting,5
‘lady,2
treasure’,2
xxix,1
confess”,1
arrival”,1
happened”,3
acquire,1
uncommon”,1
instructing,1
overpower,1
separating,1
toilette,2
apparel,1
restthere,1
simply,1
preserved”,1
dressing,3
objected,1
formidable,4
inspire,1
enumeration,1
glazing,1
ascended,3
maria’s,2
talents,3
miraculous,2
stateliness,1
witness,3
trepidation,1
ornaments,2
antechamber,1
seat,6
senses,4
edge,2
chair,6
stronglymarked,1
conciliating,1
inferior,5
examining,4
deportment,1
pale,4
insignificant,1
placing,3
informing,2
articles,2
plate,1
foretold,1
bottom,1
carved,1
ate,3
echo,1
soninlaw,3
bourghthe,1
dinnertime,4
indisposed,2
delivering,1
controverted,1
concerns,6
familiarly,2
minutely,3
management,4
regulated,1
instructed,1
cows,1
poultry,3
beneath,5
dictating,1
older,1
maiden,1
sake”,1
entailing,1
little”,3
thensome,1
sing”,1
webbs,1
draw”,1
spring,3
masters”,1
london”,5
governess,7
governess”,1
neglected”,2
“compared,1
masters,1
might”,2
strenuously,2
supplying,1
delightfully,3
metcalfe’s,1
finds,1
pope,1
treasure,1
catherine’,1
‘you,1
elder,10
young”,1
sisterly,3
word”,3
age”,3
dignified,3
suretherefore,1
oneandtwenty”,1
cassino,1
superlatively,1
syllable,5
speakingstating,1
storing,1
anecdotes,1
played,1
instructions,3
thankfulness,1
costing,1
comfortably,2
possessing,1
gig,1
backwards,1
sized,1
arrangement,8
distinguish,2
indebted,8
unfrequently,1
livings,1
negligence,1
joints,1
meat,4
magistrate,1
minutest,1
cottagers,1
quarrelsome,1
sallied,1
scold,1
harmony,1
plenty,1
counterpart,1
collinses’,1
grove,3
edged,2
sheltered,2
designs,4
destined,3
lodges,2
hurried,10
hastened,4
nephews,2
disclaim,1
doorbell,2
thirty,3
courtesied,1
awakened,4
betray,3
confused,4
pursued,2
church”,1
fitzwilliam’s,5
considerably,3
easterday,1
gentlemen’s,3
travelling,6
conversed,1
shared,4
proficient,1
proficiency,1
practise,1
practises,2
constantly”,1
jenkinson’s,1
nobody’s,1
house”,2
illbreeding,1
performer’s,1
arch,1
frighten,1
stubbornness,1
rises,1
intimidate,1
professing,1
teach,5
hertfordshireand,1
impolitic,1
toofor,1
retaliate,1
smilingly,2
behaves,1
strangers”,4
thenbut,1
balland,1
scarce,1
fact”,1
“true,3
fingers,2
“perhaps”,1
judged,3
illqualified,2
“shall,3
question”,1
applying,3
trouble”,1
fingers”,1
women’s,1
produce,5
faultbecause,1
practising,1
execution”,1
amiss,1
practised,1
fingering,1
anne’s,1
performer,1
symptom,4
derived,1
mixing,1
halffinished,1
sinking,3
emergency,1
recollecting,5
“perfectly,1
increasing”,1
principle”,1
surprised”,2
offers”,1
didand,1
object”,1
rejoice,7
understandingthough,1
prudential,1
friends”,2
fifty,6
miles”,1
distance”,2
match”,1
far”,1
varying,2
unimportant,1
journeysand,1
local,1
longbourn”,3
newspaper,1
colder,1
kent”,2
conciseand,1
occasioned,4
conjectures,4
sports,1
billiard,1
nearness,1
separately,1
captivating,2
softness,1
choicea,1
disputable,1
steadfast,1
gaze,1
raising,3
vanish,1
counterbalance,1
xxxiii,1
ramble,2
mischance,1
haunt,1
penance,1
questionsabout,1
solitary,4
imply,1
reperusing,1
forcing,1
park”,1
farther”,1
accordingly,5
saturday”,2
“yesif,1
disposal,2
arranges,1
feelingly,1
inured,1
dependence”,1
earl,1
“these,3
questionsand,1
hardships,1
sons,1
like”,2
“unless,1
“our,1
afford,7
money”,2
“meant,1
coloured,5
price,2
pounds”,2
lasting,2
sole,4
divide,3
guardianship,3
tractable,1
creatures,1
manhe,1
darcy’s”,1
yes”,1
drily“mr,1
prodigious,1
“care,1
hither,3
conjecture”,1
thing”,2
saved,3
inconveniences,1
scrape,1
summer”,1
interference”,1
objections,11
lady”,2
separate,6
arts”,1
swelling,1
thoughtful,1
judge”,1
officious”,1
but”,1
condemn,3
case”,3
surmise”,1
lessening,1
sadly”,1
jestingly,1
exist,1
boundless,1
measures,3
mislead,1
causehis,1
causeof,1
ruined,2
inflicted,1
objectionall,1
peculiarities,1
reach”,1
wound,2
partly,2
governed,2
tears,9
exasperate,2
complaint,1
revival,1
past,9
suffering,2
characterize,1
serenity,3
clouded,1
conveying,1
perusal,4
inflict,2
keener,1
sufferings,2
remembering,2
intentions,3
banished,3
imputing,1
agitated,4
repressed,2
ardently,2
degradation,1
obstacles,2
wounding,2
deeplyrooted,1
subsequent,1
compose,3
representing,2
endeavours,7
conquer,2
cheeks,4
obligation,5
avowed,3
unequally,1
cannoti,1
duration,1
overcoming,1
explanation”,1
leaning,1
disturbance,1
visible,5
struggling,1
attained,1
expecting,5
importance”,1
inquire”,1
insulting,1
provocations,1
ruining,1
beloved,2
sister”,5
emotion,5
dividing,1
instability,1
involving,2
acutest,1
kind”,2
unmoved,1
remorse,1
incredulity,3
assumed,1
denying,1
kinder,2
disdained,3
noticing,1
conciliate,1
founded,2
recital,3
misrepresentation,1
others”,2
concerns”,2
misfortunes,3
misfortunes”,2
contemptuously“yes,1
infliction”,1
reduced,4
povertycomparative,1
poverty,1
designed,5
desert,1
calculation,1
heavy,3
perhaps”,2
honest,1
confession,3
accusations,3
policy,1
concealed,6
impelled,1
unqualified,1
unalloyed,1
connectionsto,1
condition,2
behaved,6
mingled,1
impressing,1
fullest,1
arrogance,1
groundwork,1
succeeding,4
immovable,2
marry”,1
hastily,9
painfully,2
reflected,3
inspired,2
shameless,1
unpardonable,4
acknowledging,1
agitating,1
unequal,4
xxxv,1
awoke,1
meditations,1
recover,6
indulge,5
turnpike,1
gates,2
verdure,1
continuing,2
glimpse,2
retreating,1
stepping,1
instinctively,2
plantation,1
strongest,1
containing,2
sheets,1
pursuing,3
dated,2
“be,1
paining,1
humbling,1
formation,1
“two,1
magnitude,1
sisterand,1
defiance,3
blasted,1
wantonly,1
depravity,1
growth,1
severity,1
liberally,2
respecting,3
obeyed,3
rise,2
undecided,1
attentively,3
scrutiny,1
participation,1
misled,1
acute,2
observer,2
investigations,1
decisions,1
influenced,1
repugnance,1
existing,2
stated,2
betrayed,4
fatherpardon,1
meit,1
nearest,5
conducted,2
yourselves,2
preserve,4
coincidence,1
detaching,1
wentand,1
described,5
enforced,1
remonstrance,1
staggered,1
ultimately,1
seconded,1
hesitated,3
extinguished,1
concealment,2
unknowingly,1
themwith,1
weighty,1
accusation,1
refute,1
accused,2
summon,1
discharge,2
supported,4
cambridge,1
vicious,1
propensities,1
painto,1
unfolding,1
advancement,1
orders,5
legacy,1
survive,2
pecuniary,2
lieu,2
therein,1
accede,1
dissolved,1
idleness,2
dissipation,1
unprofitable,1
ordained,1
questionof,1
revered,1
resisting,1
circumstancesand,1
reproaches,1
obtruded,2
unfold,1
junior,1
presided,1
ramsgate,2
younge,4
connivance,1
aid,1
retained,2
stating,2
grieving,1
exposure,1
unquestionably,1
revenging,1
narrative,1
henceforth,1
previously,2
detection,2
revealed,2
testimony,2
executors,1
unavoidably,1
valueless,1
bless,3
“fitzwilliam,1
contrariety,1
defined,2
comprehension,1
penitent,1
insolence,1
wickhamwhen,1
clearer,1
overthrow,1
cherished,4
himselfher,1
definition,1
horror,5
oppressed,2
discredit,2
grossest,1
falsehood”and,1
perturbed,1
collecting,2
recalled,2
gross,2
err,3
reread,1
resigning,1
sum,5
hesitate,2
weighed,2
impartialitydeliberated,1
statementbut,1
sides,5
blameless,2
profligacy,1
scrupled,2
inquiring,5
trait,1
benevolence,2
rescue,1
predominance,1
atone,2
casual,1
errors,3
class,1
vice,3
years’,2
befriended,1
social,1
mess,1
pausing,2
alas,2
referred,1
himselffrom,1
hazarded,1
corroboration,1
remembered,9
impropriety,5
avoided,1
discussed,3
hatefully,1
mediocrity,1
moderation,2
grasp,1
incautiously,1
lingering,1
struggle,1
fainter,2
justification,1
asserted,1
blamelessness,1
affairthat,1
repulsive,1
acquaintancean,1
latterly,1
waysseen,1
unprincipled,1
unjustanything,1
irreligious,1
immoral,1
habitsthat,1
valuedthat,1
feelingthat,1
violation,2
incomprehensible,2
prejudiced,1
despicably,1
acted”,1
prided,1
humiliation,2
wretchedly,1
courted,2
prepossession,1
widely,4
unsuspicious,1
fervent,1
merited,2
unfelt,2
soothed,1
selfattracted,1
depressed,2
reconsidering,1
probabilities,1
reconciling,1
repressing,1
unfit,2
missing,1
xxxvii,1
obeisance,1
message,3
importing,1
dull,4
behaved”,1
diminution,1
rosings’,1
acutelymore,1
increases”,1
accounting,3
invitation”,1
return”,1
june,3
dawson,1
barouchebox,1
large”,1
abide,1
plan”,1
improper,2
menservants,1
discreditable,1
alone”,2
manservant,1
bromley,1
necessarywhich,1
studied,2
unjustly,2
upbraided,1
repent,1
heavier,1
chagrin,1
remedy,2
exert,2
restrain,2
giddiness,1
weakspirited,1
irritable,2
affronted,2
selfwilled,1
flirt,4
prevailing,2
restoring,1
cleared,2
implicitness,1
replete,1
indecorum,1
development,2
packing,1
urgent,3
gowns,2
trunk,1
afresh,1
exerted,2
xxxviii,1
deemed,1
indispensably,1
domestics,1
unpleasantly”,1
disagreeably,1
disadvantages,2
abiding,1
sharers,1
rosings”,2
sentences,1
drawn,8
unfortunatebut,1
other”,3
sincerity,3
firmly,1
sprang,1
regretting,2
trunks,1
fastened,1
parcels,2
commissioning,1
consternation,1
“but”,1
gracious”,2
drinking,1
tell”,1
conceal”,1
revealing,1
astonish,1
conquered,1
indecision,1
grieve,3
xxxix,1
appointed,1
inn,7
token,1
coachman’s,1
punctuality,2
milliner,1
sentinel,1
salad,1
cucumber,1
welcoming,1
larder,1
affords,1
surprise”,3
lend,1
ours,2
purchases“look,1
bought,4
pull,1
pieces,1
abused,2
ugly,2
uglier,1
prettiercoloured,1
satin,2
trim,1
signify,3
wears,1
encamped,1
brighton,22
delicious,1
have”,1
campful,1
soldiers,1
overset,1
monthly,1
waiter,3
hears,1
chin,1
kingthere’s,1
liverpool,1
safe”,2
“safe,1
straws,1
freckled,1
coarseness,2
harboured,1
boxes,1
workbags,1
kitty’s,2
purchases,1
bandbox,1
snug,1
flirting,2
husbands,3
can’t,2
chaperon,1
forster’s,1
bythebye,1
harringtons,1
harriet,2
chamberlayne,1
ladyonly,1
pratt,2
histories,1
additions,1
escaping,1
undiminished,1
welfare,5
doubly,1
louder,1
person’s,2
mary”,1
blinds,1
pretended,2
handsomely,2
nicest,1
luncheon,1
merry,3
off”,1
“far,1
depreciate,1
congenial,1
book”,1
afternoon,3
regiment’s,3
answers,1
vague,2
equivocal,1
disheartened,1
despaired,3
suppress,2
lessened,1
unhappiness,2
wrong”,1
“blame,1
wickham”,2
stroke,2
wickedness,2
existed,2
race,1
mankind,1
collected,3
vindication,2
labour,1
quantity,1
shifting,1
extorted,1
shocked”,1
“wickham,3
profusion,1
saving,3
feather”,1
“poor,1
gentleness,4
mismanagement,1
spur,1
abusive,2
stumbling,1
witty”,1
uncomfortablei,1
undeserved”,1
prejudices,2
“surely,1
dreadfully,2
undeceive,1
hence,1
reestablish,1
desperate”,1
allayed,1
secrets,1
lurking,1
forbade,1
disclosure,1
partake,2
encumbrance,1
mystery,1
then”,4
value”,1
steadiness,1
attachments,1
fervently,1
remembrance,3
requisite,1
injurious,2
undeserving,3
manand,1
more”,2
collinses,5
manager,1
sharp,2
extravagant,4
say”,6
outrun,1
happens”,1
lawfully,1
xli,1
drooping,1
apace,1
hardheartedness,1
exclaim,1
woe,1
grief,2
broke,3
brighton”,2
yesif,1
seabathing,1
lamentations,3
resounding,1
diverted,2
anew,1
months’,2
rapture,2
adoration,1
flew,2
restless,1
everyone’s,1
luckless,1
repining,2
fate,2
accent,4
lydia”,7
older”,1
exciting,1
deathwarrant,1
detestable,1
advising,1
improprieties,1
derive,2
temptations,2
“lydia,2
exposed,2
circumstances”,1
aware”,1
arisen,4
“already,1
arisen”,1
squeamish,1
youths,1
absurdity,1
pitiful,1
fellows,1
aloof,2
folly”,1
injuries,1
complaining,1
volatility,1
mefor,1
checking,2
exuberant,1
teaching,1
pursuits,1
ridiculousa,1
meanest,1
flirtation,2
attraction,2
emptiness,1
ward,1
rage,2
comprehended,3
leads,2
uncontrolled,1
censured,2
despised,3
disgrace”,1
ofor,1
threevery,1
prey,2
degrees,1
authorizing,1
lock,1
content,1
vexations,1
unavoidable,1
augment,1
substance,3
volubility,1
earthly,1
creative,1
streets,1
gay,2
bathingplace,1
tens,1
scores,1
glories,1
camp,3
tents,1
stretched,1
beauteous,1
uniformity,1
dazzling,1
tent,1
realities,1
consoled,2
agitations,1
detect,1
sameness,1
renewing,2
serve,2
frivolous,3
reproof,3
“nearly,1
weeks”,3
frequently”,1
cousin’s”,1
improves,2
gayer,1
aught,1
essentials”,1
essentials,1
was”,4
apprehensive,1
gentlest,1
accents,2
deter,1
foul,1
misconduct,2
cautiousness,1
alluding,1
adopted,1
operated,1
forwarding,1
repress,1
whence,3
shed,1
weep,1
envy,3
diffuse,1
impressive,1
injunctions,1
possibleadvice,1
clamorous,1
adieus,2
xlii,1
conjugal,2
captivated,1
illiberal,1
vanished,2
overthrown,3
tastes,1
enjoyments,1
contributed,1
philosopher,1
overlook,3
illjudged,4
talentstalents,1
rightly,2
enlarging,1
abroad,3
repinings,1
dulness,1
regain,1
disturbers,1
brain,2
hardened,1
wateringplace,1
commencement,2
anticipation,1
discontentedness,1
fortunate”,1
carrying,4
ceaseless,1
realized,1
warded,1
vexation”,1
parasol,2
reappear,1
happier,3
querulous,1
tearsan,1
war,1
quartered,3
curtailed,1
july,1
substitute,1
contracted,3
northward,2
celebrated,2
matlock,2
chatsworth,1
dovedale,2
peak,1
satisfiedand,1
surely”,1
impunity,1
rob,2
petrified,1
spars,1
doubled,1
wayteaching,1
loving,2
certainthat,1
inconveniencescheerfulness,1
enhance,1
pleasureand,1
disappointments,1
route,3
layoxford,1
blenheim,1
warwick,1
kenilworth,1
birmingham,1
lambton,9
willingness,3
much”,7
carpets,1
curtains,1
richly,1
furnished”,1
finest,2
woods,7
acquiesce,1
resource,1
unfavourably,1
chambermaid,2
alarms,1
revived,3
xliii,1
perturbation,2
flutter,3
lowest,1
wood,4
stretching,1
top,1
eminence,1
valley,4
abruptness,2
stone,2
backed,1
ridge,1
woody,2
hills,3
stream,4
swelled,1
artificial,1
banks,2
falsely,1
descended,3
bridge,3
elderly,1
wellproportioned,1
surveying,1
crowned,1
river,6
scattered,2
winding,1
trace,4
positions,1
lofty,1
gaudy,1
uselessly,1
finewith,1
splendour,1
recollectionit,1
reynolds,9
miniatures,3
master’s,3
army”,1
masterand,1
otherabout,1
ago”,2
reynolds’,1
intimation,1
ma’am”,1
brother”,4
yesthe,1
plays,1
sings,1
hera,1
communicativeness,1
year”,2
“except”,1
goes,1
ramsgate”,1
old”,1
goodtempered,1
master”,2
generoushearted,1
himjust,1
affable,1
pictures,1
dimensions,1
merits,2
landlord,2
nowadays,1
men”,1
whispered,1
deceived”,1
reaching,3
spacious,1
lobby,1
sittingroom,2
lightness,1
apartments,2
bedrooms,1
paintings,1
drawings,1
crayons,1
herand,1
lifetime,1
sensation,3
canvas,1
inspection,2
consigned,1
gardener,1
lawn,6
date,2
stables,1
yards,1
abrupt,1
deepest,2
gardener’s,1
lift,4
sedateness,1
distraction,1
discrimination,1
alighted,1
strikingly,1
alteredwhat,1
amazingbut,1
water,3
nobler,1
mechanically,1
appeals,1
spots,2
wander,1
overspreading,1
triumphant,2
accustomed,2
circuit,1
hanging,1
narrowest,1
glen,1
coppicewood,1
explore,1
windings,1
submit,3
slow,2
fishing,5
trout,1
lasted,3
imitate,1
“delightful”,1
“charming”,1
mischievously,1
construed,1
unprepared,1
revolted,1
fashion”,1
named,1
stole,1
decamping,1
sustained,1
fortitude,1
gloried,1
tackle,1
reproofs,2
resuming,1
brink,2
waterplant,1
chanced,1
originated,2
inadequate,1
unexpected“for,1
housekeeper”,1
“informed,1
bakewell,1
tomorrow”,3
youmr,1
lambton”,1
acceded,1
outstripped,1
housebut,1
embargo,1
slowlyand,1
wellbehaved,1
unassuming”,1
unbecoming,1
trifling”,1
whimsical,1
civilities”,1
grounds”,1
unfavourable,2
flaming,1
comprehends,1
virtue”,1
faulty,3
naming,1
relied,1
environs,1
morning’s,2
satisfactions,1
discontinuance,1
curricle,2
recognizing,1
livery,2
guessed,3
imparted,1
acquainting,1
newlyborn,1
heads,1
disquiet,1
commonly,1
retreated,1
shy,2
obtain,3
monosyllable,1
womanly,1
graceful,1
unembarrassed,1
discerning,1
personage,1
overflowing,1
prepossessed,1
rival,1
interpretation,1
denoted,2
untinctured,1
“was,4
26th,1
unattended,1
temporary,1
outlived,1
courting,1
unbending,1
invitations,1
presuming,2
attendance,4
construing,1
untouched,1
servant’s,2
reference,2
recognized,1
indicated,1
imperfectly,1
wellknown,1
debts,10
discharged,3
hatred,1
repugnant,1
friendlier,1
gratitudegratitude,1
petulance,1
acrimony,1
enemy,1
indelicate,1
peculiarity,1
selves,1
gratitudefor,1
ardent,1
unpleasing,1
possessed,1
pemberleyfor,1
breakfastought,1
imitated,1
equalled,1
xlv,1
saloon,2
oaks,1
spanish,1
chestnuts,1
intermediate,1
georgiana’s,3
pitied,2
annesley,3
agreeablelooking,1
closely,1
employing,1
brevity,1
variation,2
cake,1
fruits,2
pyramids,1
grapes,1
nectarines,1
peaches,1
deciding,1
predominate,1
learning,1
unembarrasseda,1
desperate,2
forwarded,2
sneering,1
uppermost,1
exerting,1
vigorously,1
repel,1
involuntary,1
refrained,1
discompose,1
injure,2
venting,1
criticisms,1
brown,1
coarse,1
tannedno,1
part”,1
rejoined,1
nose,1
teeth,1
shrewish,1
selfsufficiency,1
intolerable”,1
recommending,2
nettled,1
resolutely,3
‘she,1
wit’,1
time”,2
mostly,1
fruit,1
niece’s,2
missent,2
yoube,1
scotland,5
misunderstood,3
thoughtless,3
indiscreet,1
sadly,1
conjectured,2
missed,3
written”,1
finishing,1
seized,2
bewildered,1
coherent,1
f,5
gretna,2
w,2
b,1
clapham,4
hackneycoach,1
epsom,3
anxiously,2
turnpikes,1
inns,1
barnet,2
hatfield,1
successno,1
kindest,1
apprehensions,2
safest,1
exigence,1
rely,1
goodness”,1
uncle”,3
darting,1
losing,1
precious,2
impetuous,1
superseded,1
detain,2
knees,1
trembled,1
commissioned,1
unintelligible,1
miserably,1
commiseration,1
glass,2
wretched,10
indistinctly,1
friendshas,1
eloped,1
ofof,1
toshe,1
consider”,1
onlysome,1
“grievedshocked,1
scotland”,3
horrible”,1
noti,1
meditation,1
brow,1
selfconquest,1
consolatory,1
bosom,1
palliation,1
self,1
intrude,2
engross,1
lydiathe,1
allsoon,1
swallowed,1
handkerchief,1
torment,1
calls,1
meetings,2
retrospective,1
contradictions,1
varieties,1
sighed,1
promoted,1
termination,2
foundations,1
sources,3
exchanged,1
authorize,1
infamy,4
additional,2
deliberately,2
fluctuating,1
girloh,1
hometo,1
cares,2
deranged,1
satisfying,1
trembling,1
actuated,1
“john,1
uswas,1
disclose,1
notes,1
excuses,2
completed,2
shorter,1
xlvii,1
unprotected,1
friendless,1
colonel’s,1
adequate,1
risk”,1
brightening,1
decency,2
guilty,2
removing,3
hackney,2
presumption,3
traces,1
road”,1
thensupposing,1
londonthey,1
exceptionable,1
abundant,1
economically,1
expeditiously,2
nothis,1
forego,1
benefiting,1
brothers,1
indolence,2
marriage”,2
dispose,1
greaterwhat,1
itsusceptibility,1
captivate,1
attempt”,1
profligate,1
deceitful,1
insinuating”,1
liberality,2
libertywhich,1
lies,1
endless,2
unpretending,1
yesthat,1
apparently,2
deception,1
ensue,1
thoughts”,1
perceptible,1
moderate,2
favourites”,1
forgetfulness,1
travelled,1
sleeping,1
wearied,1
paddock,3
lighted,1
faces,3
bodies,1
capers,1
frisks,1
jumped,1
kiss,1
downstairs,2
embraced,2
filled,1
fugitives,1
yet”,1
often”,1
safety,1
mention”,1
motherhow,1
dressingroom,4
youhow,1
through”,1
alternate,1
sanguine,2
deserted,1
proceedings,1
invectives,1
villainous,1
illjudging,1
able”,1
forsters,1
overruled,1
here’s,1
fight,2
killed,3
terrific,1
alarm”,1
fighting,1
inthat,1
wits,1
tremblings,1
flutterings,1
spasms,1
beatings,1
seclusion,1
household,1
busily,3
incurred,1
fretfulness,2
stem,1
pour,1
bosoms,1
balm,1
consolation”,1
“unhappy,1
lessonthat,1
irretrievable,1
involves,1
brittle,1
sex”,1
lifted,2
extractions,1
availed,1
sequel,1
“colonel,1
journey”,1
brains,1
uneasya,1
false”,1
unjustifiable”,1
intentions”,1
“could,2
see”,1
pocketbook,1
tonight,1
sally,1
slit,1
packed,1
goodbye,1
confusion”,1
belonging,1
hysterics,1
faculties”,1
“mary,1
repose,1
condole,2
services,1
condolence,1
insufferable,1
postilions,1
fare,2
remarked,1
anyhow,1
coachman,1
xlviii,1
negligent,1
dilatory,2
duel,1
serviceable,1
heartening,1
upthough,1
reporting,1
irregularity,1
dispirited,1
striving,2
blacken,1
tradesman,1
intrigues,1
title,1
seduction,1
tradesman’s,1
wickedest,1
distrusted,1
gaining,3
hotels,1
disinclined,1
intimates,1
clue,1
essential,2
curiosities,1
affliction,1
sympathize,1
bitterest,1
alleviate,1
afflicting,1
parent’s,1
lamented,1
informs,1
licentiousness,1
enormity,1
howsoever,1
grievously,1
apprehending,1
fortunes,1
condescendingly,1
connect,2
augmented,1
reap,1
heinous,1
finances,1
transpired,1
gaming,1
expenses,3
gamester”,1
spiritless,2
yielded,2
brotherinlaw’s,1
“sure,1
halfexpectation,1
lowness,1
fairly,2
thatthough,1
dread,4
sleepless,1
philosophic,1
“say,2
enough”,1
concealed”,1
drily,1
duration”,1
parade”,1
nightcap,1
powdering,1
canor,1
runs,1
papa”,1
eastbourne,1
prohibited,1
stir,1
threats,1
cry,1
concluding,1
thence,1
librarytheir,1
butler,1
copse”,1
lagged,2
panting,1
bringgood,1
bad”,1
expected”,1
pocket,2
“read,1
aloud”,1
about”,2
“gracechurch,2
august,1
hoped”,1
settlement,2
privileged,3
haggerston,2
diligence,1
explicitly,1
“edw,1
gardiner”,3
soon”,2
“andmay,1
“complied,1
knowone,1
“money,1
gone”,1
“wickham’s,1
farthing,1
relationship”,1
“ten,1
repaid”,1
thinking”,1
clearing,1
been”,1
sixpence,1
requited,1
protection,2
consenting,1
forgotten”,1
“their,1
such”,1
“just,1
please”,1
writingtable,1
preparation,1
exuberance,1
fidgety,1
disturbed,2
humbled,4
bei,1
meet”,1
transports,2
conclusion”,1
pledged,2
sounds,1
dictate,1
immediately”,1
calico,1
cambric,1
dictated,1
plentiful,1
consulted,2
airing,1
bowl,1
punch,1
wedding”,1
refuge,1
l,1
annual,1
survived,1
britain,1
rested,1
successively,1
exceeding,1
proportions,1
acceding,1
concisely,2
fulfil,1
loser,1
board,1
undertaking,1
proportionate,1
speed,1
decent,2
philosophy,5
secluded,1
farmhouse,1
welldoing,1
oppressively,1
damp,1
attendants,1
nuptials,3
muslins,1
searching,1
“haye,1
gouldings,2
stoke,1
ashworth,1
purvis,1
attics,1
admittance,1
guinea,1
inconceivable,1
valid,1
eloping,1
spreading,1
confidently,1
frailty,1
individually,1
gulf,1
impassable,1
scorned,1
shrink,1
blow,1
repented,1
proudly,1
spurned,1
gladly,1
mortal,2
union,3
multitude,1
connubial,1
precluding,1
permanent,1
passions,1
regulars,2
ensigncy,1
general’s,2
arrangements,1
creditors,2
payment,1
subjoin,1
south,1
begs,1
motheryours,1
“e,1
residing,1
favourites,1
regiment”,1
mildly,1
li,1
bennetsand,1
culprit,1
endure,1
decked,1
stepped,1
forwards,1
austerity,1
untamed,1
unabashed,1
fearless,1
demanding,1
impudence,2
impudent,1
caused,1
replies,1
“only,2
expressively,2
hereabouts,2
overtook,1
goulding,1
glove,1
frame,1
parade,1
housemaids,1
go”,2
don’t,4
newcastle,4
over”,2
favour”,1
husbands”,1
regretted,1
elope,1
flight,3
kill,1
birds,2
september,1
managed”,1
really”,1
clement’s,1
eleven,1
fuss,1
distracted,1
sermon,1
breakfasted,1
you’ll,1
foot,1
theatre,1
faithfully,1
secret”,2
further”,1
burning,1
questions”,1
angry”,2
noblest,1
seizing,1
comprehend”,1
itunless,1
cogent,1
ignorance”,1
though”,1
tricks,1
stratagems,1
ittill,1
confidante,1
lii,1
copse,3
benches,1
sept,1
devote,1
foresee,1
comprise,1
explicit,1
racked,1
bothwickham,1
hunting,1
worthlessness,1
confide,1
generously,1
edward,1
bribery,1
corruption,1
wishedfor,2
insisted,1
expedite,1
consequences,1
resign,1
effectually,3
postponed,1
battled,1
sorely,1
grain,1
borrowed,1
feathers,1
amounting,1
admission,1
bold,2
prudently,1
exclude,1
p,1
ponies,2
“m,1
unsettled,3
uncertainty,1
matchwhich,1
obligationwere,1
attendant,1
research,1
supplication,1
abominate,2
bribe,1
considerations,1
revolt,1
saucy,1
himproud,1
someone’s,1
overtaken,1
unwelcome”,1
hadnot,1
strangely,1
misrepresented”,1
biting,1
silenced,1
“undoubtedly,1
had”,1
kympton”,1
respect”,1
“exceedingly,1
patron”,1
remember”,1
sermonmaking,1
palatable,1
compromised,1
accordingly”,1
kissed,2
liii,1
“write,1
fellow”,1
simpers,1
smirks,1
prodigiously,2
soninlaw”,1
forlorn,1
shoot,3
fidgets,1
coming”,2
nichols,1
latest,1
butcher’s,1
ducks,1
killed”,1
remarks”,1
wavered,1
“yet,2
hard”,1
legally,1
hired,1
speculation,1
course”,1
errand,1
neighbouring,2
“’tis,2
despise”,1
shan’t,3
thirteen,1
sufferer,1
intervene,1
senthopeless,1
windowshe,1
lookedshe,1
“la”,1
what’s,1
namethat,1
darcyand,1
vow,1
explanatory,1
undervalued,1
benefits,1
comingat,1
witnessing,1
lustre,1
unshaken,1
behaves”,1
expectation”,1
paler,1
sedate,1
contrasted,1
preservation,2
irremediable,1
dida,1
confusionsaid,1
thoughtfulness,2
otherwise”,1
come”,2
changes,1
papers,1
‘times’,1
‘courier’,1
‘lately,1
esq,1
bennet’,1
deserves”,1
levelled,1
vastly,1
coveys,1
officious,2
compensation,1
rekindled,1
chatty,1
mindful,1
days’,2
engagement”,2
liv,1
deaden,1
indifferent”,1
“now”,1
dines,1
care”,1
sportsmen,1
forbore,1
sanction,1
halflaughing,1
ungraciousness,1
enabling,1
wearisome,1
pouring,1
confederacy,1
vacancy,1
closer,1
enraged,1
abhorrent,1
still”,1
christmas”,1
scarborough,1
victim,1
rapacity,1
unsuccessfully,1
venison,1
roasted,1
turnand,1
fat,1
haunch,1
lucases’,2
partridges,1
french,1
cooks,1
‘ah,1
last’,1
livedand,1
prodigiously”,1
mortifies,1
cruel”,1
acknowledge”,1
instruct,1
confidante”,1
lv,1
“next,1
call”,1
lucky”,1
daughters’,1
dressinggown,1
comemr,1
sarah,1
hair”,1
forwarder,1
hang,1
sash,1
winking,2
innocently,1
wink,2
waste,1
premeditation,1
dressingroom”,1
ineffectual,1
officiousness,1
concurrence,1
appointment,1
communicative,1
eccentric,1
invention,1
counteract,1
infinite,2
hearth,1
mother”,2
cardparty,1
end”,1
basis,1
superexcellent,1
simpered,1
tempers,1
cheat,1
exceed,1
income”,1
“exceed,1
dispense,1
petitioned,1
barbarous,1
detested,1
vex,1
dupe,1
forgiving,1
existed”,1
forty,1
shift,1
luckiest,1
females,1
equipage,1
preceded,1
confinement,1
stiffly,1
lucas’s”,1
west”,1
puzzled,1
prettyish,1
wilderness,1
company”,1
“go,2
hermitage”,1
pronouncing,1
survey,1
decentlooking,1
waitingwoman,1
nephew”,1
trifled,1
insincere,2
frankness,4
youthat,1
nephewmy,1
contradicted”,1
itif,1
existence”,1
industriously,1
circulated,1
abroad”,1
retains,1
allurements,1
infatuation,1
explicit”,1
aspire,1
thisthat,1
infancy,1
cradles,1
unallied,1
friendsto,1
tacit,1
completion,1
prudencenay,1
interestforbid,1
repine”,1
“obstinate,1
dissuaded,1
brooking,1
maternal,2
ancient,1
untitled,1
member,1
respective,1
themthe,1
upstart,1
sphere,2
equal”,1
aunts,1
condition”,1
recede,1
require”,1
intimidated,1
persuasions,1
importuned,1
patchedup,1
nephew’s,2
earthof,1
shades,1
polluted”,1
insulted,1
sentiments”,1
constitute,1
obey,1
“neither,1
gratitude”,1
violated,1
concernand,1
scorn”,1
ambition,1
point”,1
displeased”,1
finelooking,1
lvii,1
originate,1
revolving,1
persisting,1
miseries,1
weakest,1
solid,1
reasoning,1
wavering,1
unblemished,1
days”,1
constancy,1
obligingly,1
appeased,1
dismay,1
consequent,1
explanations,2
conquest”,1
rushed,1
instantaneous,1
undetermined,1
penetration,2
sagacity,1
“something,1
gossiping,1
follows‘having,1
advertised,1
presumed,1
illustrious,1
land’,1
‘this,1
desiresplendid,1
kindred,1
incur,1
closure,1
of’,1
‘my,1
followswe,1
eye’,1
pitched,1
blemish,1
admirable”,1
pleasantry,2
diverted”,1
“‘after,1
termed,1
speediest,1
sanctioned’,1
‘i,1
hushed,1
declaring,1
christian,2
hearing’,1
forgiveness,2
olivebranch,1
missish,1
turn”,1
hypocrisy,1
consent”,1
lviii,1
outstrip,1
boldly,1
unexampled,1
trusted”,1
mortifications,1
discovering,1
inducements,1
april,1
unchanged,1
fluently,1
undergone,2
heartfelt,1
diffused,1
proving,1
emphatically,1
contrariwise,1
irrevocably,1
frankly,1
openly”,1
relations”,1
illfounded,1
premises,1
severest,1
abhorrence”,1
annexed,1
evening”,2
strictly,1
irreproachable,1
inexpressibly,1
‘had,1
manner’,1
tortured,1
devoid,1
he“did,1
contents”,1
knew”,1
burnt,1
unalterable,1
implies”,1
spirit”,1
charity,1
retrospections,1
void,1
repelled,1
benevolent,1
eightandtwenty,1
loveliest,1
lesson,1
pleased”,1
“had,1
addresses”,1
“hate,1
direction”,1
blamed,1
due”,1
leisurely,1
busy,1
watches,1
happen”,1
unabated,1
observation”,1
forgiven,1
lix,1
unmarked,1
unacknowledged,1
overflows,1
joking,1
doubtingly,1
certainforgive,1
questionare,1
ashooting,1
disturb,1
epithet,1
lanes,1
kitty”,2
oakham,1
mount,2
view”,1
won’t,1
inconvenience”,1
vehemence,1
filling,1
disposing,1
“or,1
objection”,1
indifference”,1
“none,1
terms”,1
test,1
reconcile,1
worthy”,1
fellow’s,1
rant,1
storm,2
leisure”,1
tranquilly,1
familiarity,2
backward,1
fidget,1
pinmoney,1
jewels,1
itnothing,1
pleasedso,1
distracted”,1
’tis,1
licenceyou,1
licence,1
omen,1
warmest,2
sonsinlaw,1
highly”,1
jane’s”,1
lx,1
begin”,1
begun”,1
withstood,1
mannersmy,1
impertinence”,1
assiduously,1
therei,1
mebut,1
“dearest,1
exaggerate,1
encouragement”,1
embarrassed”,1
springs,1
unjustifiable,1
everything”,1
consequences”,1
made”,1
overrated,1
detail,1
loose,1
sends,1
sincerely”,1
sending,1
blown,1
parading,1
jewel,1
shrug,1
shoulders,1
shield,1
wellinformed,1
relished,1
unusual,1
vicinity,1
darling,1
ungovernable,1
mix,1
moralize,1
comparisons,1
submitted,1
reluctance,1
revolution,1
ingratitude,1
congratulatory,1
“yours”,1
theirs,1
heedless,1
bills,1
bath,1
retain,1
heretofore,1
arrear,1
sportive,1
liberties,1
pollution,1
city,1
uniting,1